unidad_id,archivo,speaker_transcrito,rol_probable,texto,temas_regla_exploratoria,valencia_lexica_0a5_exploratoria,limite
Audio1-U001,Audio1,Entrevistador,entrevistador,Willington Javier Ortiz (Profesor del Politécnico Grancolombiano),sin_asignar,,Revisar atribución y codificación humana; no es medición psicológica
Audio1-U002,Audio1,Speaker 1,entrevistador,"Don José, muy buenas tardes.",sin_asignar,,Revisar atribución y codificación humana; no es medición psicológica
Audio1-U003,Audio1,Speaker 1,entrevistador,"Mi nombre es Willington Javier Ortiz, soy profesor del Politécnico Grancolombiano y quiero hacerle unas preguntas frente a la forma como usted y su familia están haciendo disposición de la comida.",disposicion_y_recoleccion;generacion_y_desperdicio,,Revisar atribución y codificación humana; no es medición psicológica
Audio1-U004,Audio1,Speaker 1,entrevistador,Normalmente a eso lo llamamos los residuos orgánicos.,generacion_y_desperdicio,,Revisar atribución y codificación humana; no es medición psicológica
Audio1-U005,Audio1,Speaker 1,entrevistador,"Nosotros nos hemos dado cuenta de que en esta zona, y prácticamente en gran parte de Bogotá, el manejo de las basuras se convirtió en un problema.",disposicion_y_recoleccion,,Revisar atribución y codificación humana; no es medición psicológica
Audio1-U006,Audio1,Speaker 1,entrevistador,"Y esto no es un problema de ahora, es un problema de hace mucho tiempo.",sin_asignar,,Revisar atribución y codificación humana; no es medición psicológica
Audio1-U007,Audio1,Speaker 1,entrevistador,¿Qué opina usted de eso?,sin_asignar,,Revisar atribución y codificación humana; no es medición psicológica
Audio1-U008,Audio1,Speaker 2,participante/no confirmado,"Claro que sí, señor.",sin_asignar,,Revisar atribución y codificación humana; no es medición psicológica
Audio1-U009,Audio1,Speaker 2,participante/no confirmado,"Sí, lo que está diciendo usted es totalmente real: el problema de las basuras es crónico y, entre más días, como que se va poniendo peor el asunto.",disposicion_y_recoleccion,,Revisar atribución y codificación humana; no es medición psicológica
Audio1-U010,Audio1,Speaker 2,participante/no confirmado,El manejo que nosotros le damos a las basuras es lo más normal.,disposicion_y_recoleccion,,Revisar atribución y codificación humana; no es medición psicológica
Audio1-U011,Audio1,Speaker 2,participante/no confirmado,"De pronto tampoco soy de las personas que vamos a aportar diciendo, o en esta entrevista voy a decir: ""No, es que nosotros lo hacemos, lo seleccionamos"", porque eso es una cosa totalmente falsa en mi caso.",sin_asignar,,Revisar atribución y codificación humana; no es medición psicológica
Audio1-U012,Audio1,Speaker 2,participante/no confirmado,"Entonces, sí, sería bueno que hubiera como un poquitico más de cultura en esa situación y que fuéramos un poquito más dejuiciosos para beneficio de nosotros y de la gran mayoría de personas que de pronto seamos perjudicados con el tema de las basuras, sí señor.",separacion_y_cultura;disposicion_y_recoleccion,,Revisar atribución y codificación humana; no es medición psicológica
Audio1-U013,Audio1,Speaker 1,entrevistador,"Usted habla de una palabra clave, y es la cultura.",separacion_y_cultura,,Revisar atribución y codificación humana; no es medición psicológica
Audio1-U014,Audio1,Speaker 1,entrevistador,La cultura es lo que nos hace hacer lo que siempre hacemos.,separacion_y_cultura,,Revisar atribución y codificación humana; no es medición psicológica
Audio1-U015,Audio1,Speaker 1,entrevistador,"¿Cómo cree usted que debe cambiar esa cultura, o cómo podemos hacer para que cambie esa cultura para mejorar un poco esa forma de manejar los residuos, sobre todo los residuos de alimentos?",separacion_y_cultura;generacion_y_desperdicio,,Revisar atribución y codificación humana; no es medición psicológica
Audio1-U016,Audio1,Speaker 2,participante/no confirmado,"Sí, de pronto diría yo que se me ocurre criticar capacitaciones, pero como la gran mayoría de personas, hablando aquí del sector del sur de Bogotá, somos personas que mantenemos esas las carreras.",separacion_y_cultura,,Revisar atribución y codificación humana; no es medición psicológica
Audio1-U017,Audio1,Speaker 2,participante/no confirmado,"Entonces uno de pronto no va a decir: ""No, yo sí voy a seleccionar"", porque sería muy bueno, sería muy bueno, sería chévere que uno tomara esa buena costumbre como uno cepillarse los dientes o hacer tantas cosas que son básicas, que meterlo uno en el menú también de lo básico, poder uno hacer eso.",separacion_y_cultura,,Revisar atribución y codificación humana; no es medición psicológica
Audio1-U018,Audio1,Speaker 2,participante/no confirmado,"Pero como generalmente mantenemos esas las carreras, entonces uno que la cáscara de la papa a la misma bolsa, que el cartón, que esto, que las cáscaras de huevo, todo es un revoltijo.",separacion_y_cultura;disposicion_y_recoleccion;generacion_y_desperdicio,,Revisar atribución y codificación humana; no es medición psicológica
Audio1-U019,Audio1,Speaker 2,participante/no confirmado,"Pero sí, la pregunta está buena y me parece mágico que existiera algo donde uno pudiera depositar todo y que la misma máquina como que seleccionara y dijera uno: ""Puedo botar esto tranquilo"", o vienen y le recogen acá y se acabó el problema.",disposicion_y_recoleccion;soluciones_y_participacion,,Revisar atribución y codificación humana; no es medición psicológica
Audio1-U020,Audio1,Speaker 2,participante/no confirmado,Y lo práctico para uno también sería chévere.,sin_asignar,,Revisar atribución y codificación humana; no es medición psicológica
Audio1-U021,Audio1,Speaker 1,entrevistador,"Don José, ¿quién en su casa es el que saca la basura?",disposicion_y_recoleccion,,Revisar atribución y codificación humana; no es medición psicológica
Audio1-U022,Audio1,Speaker 2,participante/no confirmado,El que hago lo mandado yo.,sin_asignar,,Revisar atribución y codificación humana; no es medición psicológica
Audio1-U023,Audio1,Speaker 2,participante/no confirmado,"En la casa sí, yo soy el que asiste.",sin_asignar,,Revisar atribución y codificación humana; no es medición psicológica
Audio1-U024,Audio1,Speaker 1,entrevistador,¿Y quién cocina?,sin_asignar,,Revisar atribución y codificación humana; no es medición psicológica
Audio1-U025,Audio1,Speaker 2,participante/no confirmado,"No, ahoritica sí me está tocando a mí ayudarle a mi esposa con la cuestión de la cocina, sí.",sin_asignar,,Revisar atribución y codificación humana; no es medición psicológica
Audio1-U026,Audio1,Speaker 2,participante/no confirmado,Entonces ahí nos compartimos los oficios.,sin_asignar,,Revisar atribución y codificación humana; no es medición psicológica
Audio1-U027,Audio1,Speaker 2,participante/no confirmado,El único que no hace nada es un muchacho que vive con nosotros.,sin_asignar,,Revisar atribución y codificación humana; no es medición psicológica
Audio1-U028,Audio1,Speaker 1,entrevistador,"Ah, sí, esos normalmente son así.",sin_asignar,,Revisar atribución y codificación humana; no es medición psicológica
Audio1-U029,Audio1,Speaker 1,entrevistador,Pregunta: ¿Usted tiene un bote de basura exclusivo en la cocina o hay uno para todos?,disposicion_y_recoleccion,,Revisar atribución y codificación humana; no es medición psicológica
Audio1-U030,Audio1,Speaker 2,participante/no confirmado,"No, hay uno en la cocina y en los baños hay especialmente para ellos.",sin_asignar,,Revisar atribución y codificación humana; no es medición psicológica
Audio1-U031,Audio1,Speaker 2,participante/no confirmado,"Sino que al sacarlo, como todo, en la bolsa negra todo se amarra y...",disposicion_y_recoleccion,,Revisar atribución y codificación humana; no es medición psicológica
Audio1-U032,Audio1,Speaker 1,entrevistador,"Usted prácticamente ya sugirió una solución, una solución que creo que fue comentada por su propio hijo.",soluciones_y_participacion,,Revisar atribución y codificación humana; no es medición psicológica
Audio1-U033,Audio1,Speaker 1,entrevistador,"Entonces, en ese sentido, ¿usted cree que la gente de este sector sí estaría dispuesta a hacer uso eficiente de ese artefacto para manejar exclusivamente los residuos de alimentos?",generacion_y_desperdicio,,Revisar atribución y codificación humana; no es medición psicológica
Audio1-U034,Audio1,Speaker 2,participante/no confirmado,"Pues yo pienso que la persona que nos interese el medio ambiente, uno se compromete.",sin_asignar,,Revisar atribución y codificación humana; no es medición psicológica
Audio1-U035,Audio1,Speaker 2,participante/no confirmado,"Se compromete uno y de pronto al ver que está funcionando en algunas otras partes, de pronto del sector, pienso yo que con seguridad la gente puede hacer ese gran aporte.",sin_asignar,,Revisar atribución y codificación humana; no es medición psicológica
Audio1-U036,Audio1,Speaker 2,participante/no confirmado,"Sería práctico, sería muy bueno, sería buenísimo eso.",sin_asignar,,Revisar atribución y codificación humana; no es medición psicológica
Audio1-U037,Audio1,Speaker 2,participante/no confirmado,Entonces yo creo que sí.,sin_asignar,,Revisar atribución y codificación humana; no es medición psicológica
Audio1-U038,Audio1,Speaker 1,entrevistador,"¿Y usted haría eso, es decir, disponer los residuos de alimentos en esa caneca sin nada a cambio?",disposicion_y_recoleccion;generacion_y_desperdicio,,Revisar atribución y codificación humana; no es medición psicológica
Audio1-U039,Audio1,Speaker 2,participante/no confirmado,"Yo creo que no hay nada que no tenga uno que ofrecer algo, bien sea la disponibilidad de tiempo o que tenga un costo económico.",sin_asignar,,Revisar atribución y codificación humana; no es medición psicológica
Audio1-U040,Audio1,Speaker 2,participante/no confirmado,Entonces sí tiene que haber algún costo o algo que se deba hacer para poder adquirir ese tipo de beneficio.,sin_asignar,,Revisar atribución y codificación humana; no es medición psicológica
Audio1-U041,Audio1,Speaker 1,entrevistador,¿Usted cree que usted y los de su comunidad están sufriendo realmente por el tema de las basuras?,disposicion_y_recoleccion,,Revisar atribución y codificación humana; no es medición psicológica
Audio1-U042,Audio1,Speaker 2,participante/no confirmado,"Uy, totalmente, totalmente.",sin_asignar,,Revisar atribución y codificación humana; no es medición psicológica
Audio1-U043,Audio1,Speaker 2,participante/no confirmado,"Aquí, afortunadamente, nosotros yo vivo en la parte de arriba del sector, que allá la gran mayoría de personas sí tiene la facilidad de bajar las basuras aquí al Chuck.",disposicion_y_recoleccion,,Revisar atribución y codificación humana; no es medición psicológica
Audio1-U044,Audio1,Speaker 2,participante/no confirmado,"Pero resulta que aquí en el Chuck hay un desorden tenaz porque de pronto mandan los niños o personas que como nosotros los colombianos somos tan cómodos, nos parece gracia aguolearla así y que se riegue y salgo corriendo y me subo en el bus y chao.",sin_asignar,,Revisar atribución y codificación humana; no es medición psicológica
Audio1-U045,Audio1,Speaker 2,participante/no confirmado,"No nos importa que de pronto el vecino salga, un niño pise una cáscara de papa, de banano y se caiga, no nos importa.",generacion_y_desperdicio,,Revisar atribución y codificación humana; no es medición psicológica
Audio1-U046,Audio1,Speaker 2,participante/no confirmado,"O sea, eso es tan sencillo como eso.",sin_asignar,,Revisar atribución y codificación humana; no es medición psicológica
Audio1-U047,Audio1,Speaker 2,participante/no confirmado,"También sería bueno que existiera un poquitico de concientización en cuanto a hacer el depósito de la basura en el sitio adecuado el día adecuado, o si no es el día adecuado, por algo llama Chuck, está disponible para tirarlo allá.",separacion_y_cultura;disposicion_y_recoleccion,,Revisar atribución y codificación humana; no es medición psicológica
Audio1-U048,Audio1,Speaker 2,participante/no confirmado,Pero entonces con la de la manera que corresponde.,sin_asignar,,Revisar atribución y codificación humana; no es medición psicológica
Audio1-U049,Audio1,Speaker 2,participante/no confirmado,"Es correcto, sí señor.",sin_asignar,,Revisar atribución y codificación humana; no es medición psicológica
Audio1-U050,Audio1,Speaker 1,entrevistador,"En algunas partes sucede que después de que la gente saca la basura para que el camión la recoja, entre ese tiempo de disponer la basura y que el camión la recoja, normalmente pasan recicladores que riegan absolutamente todo.",disposicion_y_recoleccion,,Revisar atribución y codificación humana; no es medición psicológica
Audio1-U051,Audio1,Speaker 1,entrevistador,¿Aquí pasa también eso?,sin_asignar,,Revisar atribución y codificación humana; no es medición psicológica
Audio1-U052,Audio1,Speaker 2,participante/no confirmado,"Uy, aquí es donde hay menos control.",sin_asignar,,Revisar atribución y codificación humana; no es medición psicológica
Audio1-U053,Audio1,Speaker 2,participante/no confirmado,"Al menos por allá en ciertas partes de Bogotá, más hacia el norte, al menos el guarda de seguridad está pendiente de sacar la basura precisamente cuando el camión va a pasar.",disposicion_y_recoleccion,,Revisar atribución y codificación humana; no es medición psicológica
Audio1-U054,Audio1,Speaker 2,participante/no confirmado,"Acá no, acá es al contrario, porque si uno le dice a algún vecino: ""¿Qué está haciendo ahí, hermano?",sin_asignar,,Revisar atribución y codificación humana; no es medición psicológica
Audio1-U055,Audio1,Speaker 2,participante/no confirmado,"Le encargo"", lo tratan a uno a lo colombiano.",sin_asignar,,Revisar atribución y codificación humana; no es medición psicológica
Audio1-U056,Audio1,Speaker 1,entrevistador,¿El camión pasa los días y a la hora que debe pasar?,sin_asignar,,Revisar atribución y codificación humana; no es medición psicológica
Audio1-U057,Audio1,Speaker 2,participante/no confirmado,Mire que acá más bien descontroladito la hora de la pasada del camión.,sin_asignar,,Revisar atribución y codificación humana; no es medición psicológica
Audio1-U058,Audio1,Speaker 2,participante/no confirmado,"Hay veces pasa por la mañana, pero él pasa haciendo bulla, él pasa pitando.",sin_asignar,,Revisar atribución y codificación humana; no es medición psicológica
Audio1-U059,Audio1,Speaker 2,participante/no confirmado,Pero sí es bastante descontroladito el horario del paso del carro recolector de basuras.,disposicion_y_recoleccion,,Revisar atribución y codificación humana; no es medición psicológica
Audio1-U060,Audio1,Speaker 1,entrevistador,Veo muchos perros.,impactos_y_salud,,Revisar atribución y codificación humana; no es medición psicológica
Audio1-U061,Audio1,Speaker 1,entrevistador,"Cuando hay acumulación de basura, yo me imagino que los perros a todo momento están tratando de escarbar también esa basura.",disposicion_y_recoleccion;impactos_y_salud,,Revisar atribución y codificación humana; no es medición psicológica
Audio1-U062,Audio1,Speaker 2,participante/no confirmado,"Sí, sí, incluso suena gracioso lo que le voy a decir, pero incluso los perros lo ven a uno bajar con la basura y ellos se quedan como mirando: ""¿Le trae algo ahí?"", y se le tiran a uno como a tirar encima, a raparle la bolsita.",disposicion_y_recoleccion;impactos_y_salud,,Revisar atribución y codificación humana; no es medición psicológica
Audio1-U063,Audio1,Speaker 2,participante/no confirmado,"Entonces, pues imagínese usted ya el desorden que hay.",sin_asignar,,Revisar atribución y codificación humana; no es medición psicológica
Audio1-U064,Audio1,Speaker 1,entrevistador,"Aparte de perros, ¿plagas asociadas a eso?",impactos_y_salud,,Revisar atribución y codificación humana; no es medición psicológica
Audio1-U065,Audio1,Speaker 2,participante/no confirmado,Hay ratas y hay ratones también.,impactos_y_salud,,Revisar atribución y codificación humana; no es medición psicológica
Audio1-U066,Audio1,Speaker 2,participante/no confirmado,Lo dije en doble sentido.,sin_asignar,,Revisar atribución y codificación humana; no es medición psicológica
Audio1-U067,Audio1,Speaker 1,entrevistador,¿Ratas o más?,impactos_y_salud,,Revisar atribución y codificación humana; no es medición psicológica
Audio1-U068,Audio1,Speaker 2,participante/no confirmado,"Sí, sí, sí, esos son los de más cuidado.",sin_asignar,,Revisar atribución y codificación humana; no es medición psicológica
Audio1-U069,Audio1,Speaker 2,participante/no confirmado,"Sí, mucha plaga, zancudito, cuando hace así como solecito se levanta mucho zancudito, mucha los ratoncitos salen también a tomar el sol, salen de ahí de debajo de la basura.",disposicion_y_recoleccion;impactos_y_salud,,Revisar atribución y codificación humana; no es medición psicológica
Audio1-U070,Audio1,Speaker 1,entrevistador,"Listo, don José, yo creo que por ahora esta es la entrevista.",sin_asignar,,Revisar atribución y codificación humana; no es medición psicológica
Audio1-U071,Audio1,Speaker 2,participante/no confirmado,Claro que sí.,sin_asignar,,Revisar atribución y codificación humana; no es medición psicológica
Audio1-U072,Audio1,Speaker 1,entrevistador,Ya le voy a pasar el documento para que por favor nos lo ayude a firmar.,sin_asignar,,Revisar atribución y codificación humana; no es medición psicológica
Audio1-U073,Audio1,Speaker 2,participante/no confirmado,Con mucho gusto.,sin_asignar,,Revisar atribución y codificación humana; no es medición psicológica
Audio1-U074,Audio1,Speaker 1,entrevistador,"Sí, señor, con mucho gusto.",sin_asignar,,Revisar atribución y codificación humana; no es medición psicológica
Audio2-U001,Audio2,Participantes,participante/no confirmado,Entrevistador y Don Álvaro (Fundador del sector),sin_asignar,,Revisar atribución y codificación humana; no es medición psicológica
Audio2-U002,Audio2,Entrevistador,entrevistador,"Don Álvaro, aunque usted ya no lo dijo, ¿cuánto lleva aquí en el sector?",sin_asignar,,Revisar atribución y codificación humana; no es medición psicológica
Audio2-U003,Audio2,Entrevistador,entrevistador,Usted me dijo que fue uno de los primeros con local aquí.,sin_asignar,,Revisar atribución y codificación humana; no es medición psicológica
Audio2-U004,Audio2,Don Álvaro,participante/no confirmado,"Fundador, sí señor.",sin_asignar,,Revisar atribución y codificación humana; no es medición psicológica
Audio2-U005,Audio2,Entrevistador,entrevistador,¿Y siempre ha visto el mismo problema de basuras?,disposicion_y_recoleccion,,Revisar atribución y codificación humana; no es medición psicológica
Audio2-U006,Audio2,Don Álvaro,participante/no confirmado,Siempre ha visto.,sin_asignar,,Revisar atribución y codificación humana; no es medición psicológica
Audio2-U007,Audio2,Entrevistador,entrevistador,¿Ha mejorado o empeorado?,sin_asignar,,Revisar atribución y codificación humana; no es medición psicológica
Audio2-U008,Audio2,Don Álvaro,participante/no confirmado,"Trató de mejorar cuando empezaron a recoger, porque antes nunca nos cobraban, pero no nos la recogían.",disposicion_y_recoleccion,,Revisar atribución y codificación humana; no es medición psicológica
Audio2-U009,Audio2,Don Álvaro,participante/no confirmado,"Sí, sí, ahí anda.",sin_asignar,,Revisar atribución y codificación humana; no es medición psicológica
Audio2-U010,Audio2,Don Álvaro,participante/no confirmado,"¿Me das un helado, por favor?",sin_asignar,,Revisar atribución y codificación humana; no es medición psicológica
Audio3-U001,Audio3,Participantes,participante/no confirmado,Entrevistador y Don Álvaro (Fundador y líder comunal del sector),confianza_y_gobernanza,,Revisar atribución y codificación humana; no es medición psicológica
Audio3-U002,Audio3,Entrevistador,entrevistador,"Bueno, entonces seguimos hablando del tema de las basuras.",disposicion_y_recoleccion,,Revisar atribución y codificación humana; no es medición psicológica
Audio3-U003,Audio3,Entrevistador,entrevistador,Usted dijo que llevó aquí desde 1990 y...,sin_asignar,,Revisar atribución y codificación humana; no es medición psicológica
Audio3-U004,Audio3,Don Álvaro,participante/no confirmado,"91, muy bien.",sin_asignar,,Revisar atribución y codificación humana; no es medición psicológica
Audio3-U005,Audio3,Don Álvaro,participante/no confirmado,"O sea, yo empecé al otro lado, donde está la otra droguería, empecé en el 91 y para acá hice local en el 93.",sin_asignar,,Revisar atribución y codificación humana; no es medición psicológica
Audio3-U006,Audio3,Entrevistador,entrevistador,"Ah, ok, perfecto.",sin_asignar,,Revisar atribución y codificación humana; no es medición psicológica
Audio3-U007,Audio3,Entrevistador,entrevistador,"Hablemos de las basuras, pero no de todas las basuras, sino las que se llaman residuos orgánicos, las que salen de la cocina.",disposicion_y_recoleccion;generacion_y_desperdicio,,Revisar atribución y codificación humana; no es medición psicológica
Audio3-U008,Audio3,Entrevistador,entrevistador,La gente normalmente...,sin_asignar,,Revisar atribución y codificación humana; no es medición psicológica
Audio3-U009,Audio3,Don Álvaro,participante/no confirmado,"No, nadie las separa.",separacion_y_cultura,,Revisar atribución y codificación humana; no es medición psicológica
Audio3-U010,Audio3,Don Álvaro,participante/no confirmado,"Nadie las separa, botan ahí y los perros vuelven a eso.",separacion_y_cultura;disposicion_y_recoleccion;impactos_y_salud,,Revisar atribución y codificación humana; no es medición psicológica
Audio3-U011,Audio3,Don Álvaro,participante/no confirmado,"Nosotros teníamos con puertas ahí y los muchachos que reciclar, ellos vienen...",sin_asignar,,Revisar atribución y codificación humana; no es medición psicológica
Audio3-U012,Audio3,Entrevistador,entrevistador,"¿Usted cree que si la gente comenzara a separar lo orgánico del resto de basuras, eso podría mejorar un poco?",separacion_y_cultura;disposicion_y_recoleccion;generacion_y_desperdicio,,Revisar atribución y codificación humana; no es medición psicológica
Audio3-U013,Audio3,Don Álvaro,participante/no confirmado,"Es una cultura que se puede demorar 100 años, porque la gente es...",separacion_y_cultura,,Revisar atribución y codificación humana; no es medición psicológica
Audio3-U014,Audio3,Entrevistador,entrevistador,¿Habrá algo para cambiar esa cultura?,separacion_y_cultura,,Revisar atribución y codificación humana; no es medición psicológica
Audio3-U015,Audio3,Entrevistador,entrevistador,¿O ya nos fuimos así?,sin_asignar,,Revisar atribución y codificación humana; no es medición psicológica
Audio3-U016,Audio3,Don Álvaro,participante/no confirmado,Pues la vaina es que colocan ese...,sin_asignar,,Revisar atribución y codificación humana; no es medición psicológica
Audio3-U017,Audio3,Don Álvaro,participante/no confirmado,"Que dice que hay que multa, no sé cuántos salarios mínimos, pero ¿quién vigila eso?",sin_asignar,,Revisar atribución y codificación humana; no es medición psicológica
Audio3-U018,Audio3,Don Álvaro,participante/no confirmado,Ni policía hay por ahí vigilando.,sin_asignar,,Revisar atribución y codificación humana; no es medición psicológica
Audio3-U019,Audio3,Don Álvaro,participante/no confirmado,Ni policía por ahí vigilando.,sin_asignar,,Revisar atribución y codificación humana; no es medición psicológica
Audio3-U020,Audio3,Don Álvaro,participante/no confirmado,"No, ellos vienen a las ollas a cobrar el impuesto.",sin_asignar,,Revisar atribución y codificación humana; no es medición psicológica
Audio3-U021,Audio3,Don Álvaro,participante/no confirmado,Eso no sirve para nada.,sin_asignar,,Revisar atribución y codificación humana; no es medición psicológica
Audio3-U022,Audio3,Don Álvaro,participante/no confirmado,Yo no los puedo ver.,sin_asignar,,Revisar atribución y codificación humana; no es medición psicológica
Audio3-U023,Audio3,Entrevistador,entrevistador,"¿Qué pasaría si uno le dijera a varias familias: le doy una caneca especial solo para la basura que sale de la cocina (residuos orgánicos), con el ánimo de que no los mezcle con papeles de baño y otro tipo de basuras?",disposicion_y_recoleccion;generacion_y_desperdicio,,Revisar atribución y codificación humana; no es medición psicológica
Audio3-U024,Audio3,Don Álvaro,participante/no confirmado,"Se puede hacer, pero es que la cultura es difícil si no hay una persona que recoja todos los días esa basura es difícil porque ellos la revuelven y si la hubiera...",separacion_y_cultura;disposicion_y_recoleccion,,Revisar atribución y codificación humana; no es medición psicológica
Audio3-U025,Audio3,Entrevistador,entrevistador,Pues ya si hay el carro que va a pasar todos los días recogiendo la basura.,disposicion_y_recoleccion,,Revisar atribución y codificación humana; no es medición psicológica
Audio3-U026,Audio3,Entrevistador,entrevistador,"Porque usted sabe que esa basura que sale de la cocina, es decir, los residuos orgánicos, sirven para hacer compost en los cultivos.",disposicion_y_recoleccion;generacion_y_desperdicio;soluciones_y_participacion,,Revisar atribución y codificación humana; no es medición psicológica
Audio3-U027,Audio3,Don Álvaro,participante/no confirmado,"Díganmelo a mí, crecí en el campo.",sin_asignar,,Revisar atribución y codificación humana; no es medición psicológica
Audio3-U028,Audio3,Don Álvaro,participante/no confirmado,Nosotros ya recogíamos todo eso para echarle a las plantas.,disposicion_y_recoleccion,,Revisar atribución y codificación humana; no es medición psicológica
Audio3-U029,Audio3,Entrevistador,entrevistador,"Porque nosotros, usted que sabe del campo, nosotros hemos identificado otro problema...",sin_asignar,,Revisar atribución y codificación humana; no es medición psicológica
Audio3-U030,Audio3,Entrevistador,entrevistador,"¿Qué vale? 10, 15.",sin_asignar,,Revisar atribución y codificación humana; no es medición psicológica
Audio3-U031,Audio3,Entrevistador,entrevistador,¿Y aquí hay cultivos en el campo?,sin_asignar,,Revisar atribución y codificación humana; no es medición psicológica
Audio3-U032,Audio3,Don Álvaro,participante/no confirmado,Pero usted sabe que cada vez se necesita más abono agroquímicos para que...,soluciones_y_participacion,,Revisar atribución y codificación humana; no es medición psicológica
Audio3-U033,Audio3,Entrevistador,entrevistador,¿Los cultivos de...?,sin_asignar,,Revisar atribución y codificación humana; no es medición psicológica
Audio3-U034,Audio3,Don Álvaro,participante/no confirmado,"Sí, la vaina es esa.",sin_asignar,,Revisar atribución y codificación humana; no es medición psicológica
Audio3-U035,Audio3,Don Álvaro,participante/no confirmado,Le dicen lo químico y eso enferma a la gente.,sin_asignar,,Revisar atribución y codificación humana; no es medición psicológica
Audio3-U036,Audio3,Entrevistador,entrevistador,Usted sabe que lo químico es químico.,sin_asignar,,Revisar atribución y codificación humana; no es medición psicológica
Audio3-U037,Audio3,Entrevistador,entrevistador,Nosotros nos criaron con el abono que nos echamos a las plantas.,soluciones_y_participacion,,Revisar atribución y codificación humana; no es medición psicológica
Audio3-U038,Audio3,Entrevistador,entrevistador,Era la caca de la vaca.,sin_asignar,,Revisar atribución y codificación humana; no es medición psicológica
Audio3-U039,Audio3,Don Álvaro,participante/no confirmado,"Seca, la desboronamos con la mano y se la echamos a las plantas.",sin_asignar,,Revisar atribución y codificación humana; no es medición psicológica
Audio3-U040,Audio3,Don Álvaro,participante/no confirmado,Esos eran cultivos de la verraquera.,sin_asignar,,Revisar atribución y codificación humana; no es medición psicológica
Audio3-U041,Audio3,Don Álvaro,participante/no confirmado,Siga su versión.,sin_asignar,,Revisar atribución y codificación humana; no es medición psicológica
Audio3-U042,Audio3,Don Álvaro,participante/no confirmado,Perdón que la sacaron de ahí.,sin_asignar,,Revisar atribución y codificación humana; no es medición psicológica
Audio3-U043,Audio3,Don Álvaro,participante/no confirmado,"Pero aquí, como le digo, culturizar a la gente...",sin_asignar,,Revisar atribución y codificación humana; no es medición psicológica
Audio3-U044,Audio3,Entrevistador,entrevistador,"Nosotros tenemos una idea y es organizar una comunidad para que la mayor cantidad de personas seleccionen los residuos de la cocina, lo que es orgánico, recogerlo y justamente con eso hacer compost.",disposicion_y_recoleccion;generacion_y_desperdicio;soluciones_y_participacion,,Revisar atribución y codificación humana; no es medición psicológica
Audio3-U045,Audio3,Entrevistador,entrevistador,Con eso evitamos que mucha gente que siembra no utilice químicos.,sin_asignar,,Revisar atribución y codificación humana; no es medición psicológica
Audio3-U046,Audio3,Entrevistador,entrevistador,Porque eso a la larga nos está afectando.,sin_asignar,,Revisar atribución y codificación humana; no es medición psicológica
Audio3-U047,Audio3,Entrevistador,entrevistador,¿Qué opinan ustedes de esa idea?,sin_asignar,,Revisar atribución y codificación humana; no es medición psicológica
Audio3-U048,Audio3,Don Álvaro,participante/no confirmado,"Pues la idea es, esa idea es, pero...",sin_asignar,,Revisar atribución y codificación humana; no es medición psicológica
Audio3-U049,Audio3,Don Álvaro,participante/no confirmado,"Es difícil para mí, es difícil por un lado, las juntas de acción comunal es una cosa casi móvil.",confianza_y_gobernanza,,Revisar atribución y codificación humana; no es medición psicológica
Audio3-U050,Audio3,Don Álvaro,participante/no confirmado,Yo no sé qué pasa.,sin_asignar,,Revisar atribución y codificación humana; no es medición psicológica
Audio3-U051,Audio3,Entrevistador,entrevistador,¿Aquí hay juntas de acción comunal?,confianza_y_gobernanza,,Revisar atribución y codificación humana; no es medición psicológica
Audio3-U052,Audio3,Don Álvaro,participante/no confirmado,"Claro, yo fui líder comunal, he sido líder comunal desde que estoy aquí hace 36 años.",confianza_y_gobernanza,,Revisar atribución y codificación humana; no es medición psicológica
Audio3-U053,Audio3,Don Álvaro,participante/no confirmado,"Yo estuve directamente en las juntas, ya soy líder comunal, pero por lo que sé, por lo que conozco, pero entonces es difícil.",confianza_y_gobernanza,,Revisar atribución y codificación humana; no es medición psicológica
Audio3-U054,Audio3,Entrevistador,entrevistador,"Sí, mañana puede...",sin_asignar,,Revisar atribución y codificación humana; no es medición psicológica
Audio3-U055,Audio3,Don Álvaro,participante/no confirmado,"le pide permiso a la presidenta, le dice que necesita hablarle algo a la gente y usted lo habla.",sin_asignar,,Revisar atribución y codificación humana; no es medición psicológica
Audio3-U056,Audio3,Don Álvaro,participante/no confirmado,"Ahí se puede empezar, al menos por la de Villarrocita.",sin_asignar,,Revisar atribución y codificación humana; no es medición psicológica
Audio3-U057,Audio3,Don Álvaro,participante/no confirmado,Que la gente empiece a...,sin_asignar,,Revisar atribución y codificación humana; no es medición psicológica
Audio3-U058,Audio3,Entrevistador,entrevistador,"Si yo le explico a su merced esta idea, ¿usted sería capaz de recoger todos los residuos de la cocina, la comida, solo y exclusivamente solo, para poder activar este programa?",disposicion_y_recoleccion;generacion_y_desperdicio,,Revisar atribución y codificación humana; no es medición psicológica
Audio3-U059,Audio3,Entrevistador,entrevistador,¿Y usted cree que sus vecinas lo harían?,sin_asignar,,Revisar atribución y codificación humana; no es medición psicológica
Audio3-U060,Audio3,Don Álvaro,participante/no confirmado,"Pues toca hablarles, irles hablando y la idea es que ustedes pasen también porque si uno dice ¡ay, se viene loco! eso es lo que van a decir ¡ay, el vecino se volvió loco! la idea es que sí traigan volanticos y empiecen a llamar la atención de la gente porque aquí sí, ella hace su bolsita de lo de la cocina pero como se amarra y se echa dentro de la otra bolsa y se va para allá...",disposicion_y_recoleccion,,Revisar atribución y codificación humana; no es medición psicológica
Audio3-U061,Audio3,Entrevistador,entrevistador,¿Qué otra plaga hay?,impactos_y_salud,,Revisar atribución y codificación humana; no es medición psicológica
Audio3-U062,Audio3,Entrevistador,entrevistador,"Aparte, o sea, que ratas...",impactos_y_salud,,Revisar atribución y codificación humana; no es medición psicológica
Audio3-U063,Audio3,Don Álvaro,participante/no confirmado,"Horarios viciosos, pero muy poco.",disposicion_y_recoleccion,,Revisar atribución y codificación humana; no es medición psicológica
Audio3-U064,Audio3,Don Álvaro,participante/no confirmado,"No, no, no, pero animales.",sin_asignar,,Revisar atribución y codificación humana; no es medición psicológica
Audio3-U065,Audio3,Don Álvaro,participante/no confirmado,Cucarachas se ve.,sin_asignar,,Revisar atribución y codificación humana; no es medición psicológica
Audio3-U066,Audio3,Don Álvaro,participante/no confirmado,"Pues donde hay desaseo, ratón.",sin_asignar,,Revisar atribución y codificación humana; no es medición psicológica
Audio3-U067,Audio3,Don Álvaro,participante/no confirmado,"Pero así, cucaracha.",sin_asignar,,Revisar atribución y codificación humana; no es medición psicológica
Audio3-U068,Audio3,Don Álvaro,participante/no confirmado,Hace muchos años sufrimos por las pulgas.,sin_asignar,,Revisar atribución y codificación humana; no es medición psicológica
Audio3-U069,Audio3,Don Álvaro,participante/no confirmado,"Pero ahora no sé, no volvieron.",sin_asignar,,Revisar atribución y codificación humana; no es medición psicológica
Audio3-U070,Audio3,Don Álvaro,participante/no confirmado,"O sea, yo, que aquí en la casa bastante sufrimos con los animales y ya, de un momento a otro, ni más.",sin_asignar,,Revisar atribución y codificación humana; no es medición psicológica
Audio3-U071,Audio3,Don Álvaro,participante/no confirmado,Creo que nos picaron y se murieron todas.,sin_asignar,,Revisar atribución y codificación humana; no es medición psicológica
Audio3-U072,Audio3,Entrevistador,entrevistador,"Señor Álvaro, una última pregunta.",sin_asignar,,Revisar atribución y codificación humana; no es medición psicológica
Audio3-U073,Audio3,Entrevistador,entrevistador,¿Usted cree que sí es posible llegar a hacer este cambio en esta localidad en especial?,sin_asignar,,Revisar atribución y codificación humana; no es medición psicológica
Audio3-U074,Audio3,Don Álvaro,participante/no confirmado,"Pues, no es en la localidad, porque...",sin_asignar,,Revisar atribución y codificación humana; no es medición psicológica
Audio3-U075,Audio3,Don Álvaro,participante/no confirmado,Nosotros somos la localidad quinta de Usme.,sin_asignar,,Revisar atribución y codificación humana; no es medición psicológica
Audio3-U076,Audio3,Don Álvaro,participante/no confirmado,Aproximadamente 200 barrios.,sin_asignar,,Revisar atribución y codificación humana; no es medición psicológica
Audio3-U077,Audio3,Don Álvaro,participante/no confirmado,"La idea es que nosotros aquí de pronto se puede, por lo que estamos abandonados por la alcaldía.",confianza_y_gobernanza,,Revisar atribución y codificación humana; no es medición psicológica
Audio3-U078,Audio3,Don Álvaro,participante/no confirmado,Aquí es muy poco lo que llegan cosas de la alcaldía.,confianza_y_gobernanza,,Revisar atribución y codificación humana; no es medición psicológica
Audio3-U079,Audio3,Don Álvaro,participante/no confirmado,"Ellos trabajan allá, para los barrios de allá.",sin_asignar,,Revisar atribución y codificación humana; no es medición psicológica
Audio3-U080,Audio3,Don Álvaro,participante/no confirmado,"Los políticos que hay allá, ellos ya tienen sus barrios donde todo el mundo vota por ellos, por el tamal y no les interesan los otros.",sin_asignar,,Revisar atribución y codificación humana; no es medición psicológica
Audio3-U081,Audio3,Entrevistador,entrevistador,¿Le puedo tomar una foto con el estudiante?,sin_asignar,,Revisar atribución y codificación humana; no es medición psicológica
Audio3-U082,Audio3,Don Álvaro,participante/no confirmado,"Claro, desde que salga en el periódico del barrio.",sin_asignar,,Revisar atribución y codificación humana; no es medición psicológica
Audio3-U083,Audio3,Don Álvaro,participante/no confirmado,"No lo va a tomar serio, sonríe.",sin_asignar,,Revisar atribución y codificación humana; no es medición psicológica
Audio3-U084,Audio3,Don Álvaro,participante/no confirmado,De pronto hay un...,sin_asignar,,Revisar atribución y codificación humana; no es medición psicológica
Audio4-U001,Audio4,Participantes,participante/no confirmado,Entrevistador y Don Pérez (Fundador y líder comunitario con 50 años en el barrio),confianza_y_gobernanza,,Revisar atribución y codificación humana; no es medición psicológica
Audio4-U002,Audio4,Entrevistador,entrevistador,"Señor Pérez, buenas tardes.",sin_asignar,,Revisar atribución y codificación humana; no es medición psicológica
Audio4-U003,Audio4,Entrevistador,entrevistador,¿Usted cuánto tiempo lleva viviendo aquí en el barrio?,sin_asignar,,Revisar atribución y codificación humana; no es medición psicológica
Audio4-U004,Audio4,Don Pérez,participante/no confirmado,"No, vecino, yo acabé de almorzar.",sin_asignar,,Revisar atribución y codificación humana; no es medición psicológica
Audio4-U005,Audio4,Don Pérez,participante/no confirmado,¿Se quiere sentadito?,sin_asignar,,Revisar atribución y codificación humana; no es medición psicológica
Audio4-U006,Audio4,Don Pérez,participante/no confirmado,Yo le gasto.,sin_asignar,,Revisar atribución y codificación humana; no es medición psicológica
Audio4-U007,Audio4,Don Pérez,participante/no confirmado,"Yo sí no, pero si usted lo quiere, si usted lo quiere, yo lo gasto.",sin_asignar,,Revisar atribución y codificación humana; no es medición psicológica
Audio4-U008,Audio4,Entrevistador,entrevistador,"Señor Álvaro [Pérez], con el tema del comedor comunitario, usted cree, hablando de orgánicos y basuras, que es lo que genera como tal los comedores, todo lo que es comercio, las personas, ¿usted considera que ha habido una buena gestión de basuras?",disposicion_y_recoleccion;generacion_y_desperdicio,,Revisar atribución y codificación humana; no es medición psicológica
Audio4-U009,Audio4,Entrevistador,entrevistador,"¿Usted cree que ese comportamiento de la gente de dejar la basura en cualquier lugar puede cambiar, se puede mejorar?",disposicion_y_recoleccion,,Revisar atribución y codificación humana; no es medición psicológica
Audio4-U010,Audio4,Don Pérez,participante/no confirmado,Aquí yo tengo varios compañeros que hemos hablado sobre ese asunto para enseñarle a la gente y enseñarle a reciclar.,sin_asignar,,Revisar atribución y codificación humana; no es medición psicológica
Audio4-U011,Audio4,Don Pérez,participante/no confirmado,"Pero es que la gente aquí no, aquí los que reciclan son los viciosos.",sin_asignar,,Revisar atribución y codificación humana; no es medición psicológica
Audio4-U012,Audio4,Entrevistador,entrevistador,¿Qué cree que es una buena solución respecto al tema de basuras?,disposicion_y_recoleccion;soluciones_y_participacion,,Revisar atribución y codificación humana; no es medición psicológica
Audio4-U013,Audio4,Don Pérez,participante/no confirmado,"Sobre una solución sobre ese tema de basuras tocaría hacer una buena campaña para poner y concientizar a la gente, concientizar a la gente para que no hagamos esos regueros que tenemos que hacer en el barrio.",separacion_y_cultura;disposicion_y_recoleccion;soluciones_y_participacion,,Revisar atribución y codificación humana; no es medición psicológica
Audio4-U014,Audio4,Entrevistador,entrevistador,"Una pregunta, ¿su merced cómo administra su basura?",disposicion_y_recoleccion,,Revisar atribución y codificación humana; no es medición psicológica
Audio4-U015,Audio4,Entrevistador,entrevistador,¿Usted la separa o cómo usted opera?,separacion_y_cultura,,Revisar atribución y codificación humana; no es medición psicológica
Audio4-U016,Audio4,Don Pérez,participante/no confirmado,"Bueno, sí, yo recojo lo que son las botellas y muchas veces le pasa medio bulto o las que tengan en el momento cuando pasen los chinos o cuando pasen las señoras que muchas veces reciclan.",sin_asignar,,Revisar atribución y codificación humana; no es medición psicológica
Audio4-U017,Audio4,Don Pérez,participante/no confirmado,"Eso es para las personas mayores así, personas adultas tienen que estar reciclando, entonces ellos reciclan eso y uno les pasa la botella.",sin_asignar,,Revisar atribución y codificación humana; no es medición psicológica
Audio4-U018,Audio4,Don Pérez,participante/no confirmado,¿Yo para qué guardo botellas ahí?,sin_asignar,,Revisar atribución y codificación humana; no es medición psicológica
Audio4-U019,Audio4,Don Pérez,participante/no confirmado,"¿Para qué, si yo no reciclo?",sin_asignar,,Revisar atribución y codificación humana; no es medición psicológica
Audio4-U020,Audio4,Don Pérez,participante/no confirmado,"Tengo mi casa, vivo bien, bendito sea mi Dios.",sin_asignar,,Revisar atribución y codificación humana; no es medición psicológica
Audio4-U021,Audio4,Entrevistador,entrevistador,¿Usted cree que sería posible buscar una solución rápida al tema de basuras?,disposicion_y_recoleccion;soluciones_y_participacion,,Revisar atribución y codificación humana; no es medición psicológica
Audio4-U022,Audio4,Entrevistador,entrevistador,¿O cree que se demoraría?,sin_asignar,,Revisar atribución y codificación humana; no es medición psicológica
Audio4-U023,Audio4,Don Pérez,participante/no confirmado,Se demoraría un poco.,sin_asignar,,Revisar atribución y codificación humana; no es medición psicológica
Audio4-U024,Audio4,Don Pérez,participante/no confirmado,Aquí viene uno de los amigos.,sin_asignar,,Revisar atribución y codificación humana; no es medición psicológica
Audio4-U025,Audio4,Don Pérez,participante/no confirmado,Le presento a su amistad.,sin_asignar,,Revisar atribución y codificación humana; no es medición psicológica
Audio4-U026,Audio4,Don Pérez,participante/no confirmado,"¿Qué más, viejo?",sin_asignar,,Revisar atribución y codificación humana; no es medición psicológica
Audio4-U027,Audio4,Don Pérez,participante/no confirmado,Viene a encamellarla.,sin_asignar,,Revisar atribución y codificación humana; no es medición psicológica
Audio4-U028,Audio4,Don Pérez,participante/no confirmado,Él es otro de esos.,sin_asignar,,Revisar atribución y codificación humana; no es medición psicológica
Audio4-U029,Audio4,Don Pérez,participante/no confirmado,Viene a encamellar.,sin_asignar,,Revisar atribución y codificación humana; no es medición psicológica
Audio4-U030,Audio4,Don Pérez,participante/no confirmado,Trabaja con mármol y esa vaina.,sin_asignar,,Revisar atribución y codificación humana; no es medición psicológica
Audio4-U031,Audio4,Entrevistador,entrevistador,Pues sobre eso queremos hacerle una pregunta.,sin_asignar,,Revisar atribución y codificación humana; no es medición psicológica
Audio4-U032,Audio4,Entrevistador,entrevistador,"Nosotros tenemos un proyecto, ¿qué opina usted de ese proyecto?",sin_asignar,,Revisar atribución y codificación humana; no es medición psicológica
Audio4-U033,Audio4,Don Pérez,participante/no confirmado,"Esa es la otra, que yo también he jodido con lo que son las siembras.",sin_asignar,,Revisar atribución y codificación humana; no es medición psicológica
Audio4-U034,Audio4,Don Pérez,participante/no confirmado,"Yo a los niños, a todo eso los he enseñado cómo sembrar.",sin_asignar,,Revisar atribución y codificación humana; no es medición psicológica
Audio4-U035,Audio4,Don Pérez,participante/no confirmado,"He tenido aquí, incluso yo personalmente he tenido colegios aquí que vienen y les enseñan cómo se siembra una mata, para qué sirve esta mata, qué es esto, la lechuga, repollo, acelga, espinaca, todo eso.",sin_asignar,,Revisar atribución y codificación humana; no es medición psicológica
Audio4-U036,Audio4,Don Pérez,participante/no confirmado,"Tuve mi sembrado ahí, pero entonces muchas veces hay gente que, ay hermano, eso...",sin_asignar,,Revisar atribución y codificación humana; no es medición psicológica
Audio4-U037,Audio4,Don Pérez,participante/no confirmado,Entonces echa uno al suelo.,sin_asignar,,Revisar atribución y codificación humana; no es medición psicológica
Audio4-U038,Audio4,Don Pérez,participante/no confirmado,Porque no hay un empuje.,sin_asignar,,Revisar atribución y codificación humana; no es medición psicológica
Audio4-U039,Audio4,**** Si le dieren un empuje y vuelven,participante/no confirmado,"""Ti, ti, ti, ti, venga, hagamos esto, hagamos lo otro""...",sin_asignar,,Revisar atribución y codificación humana; no es medición psicológica
Audio5-U001,Audio5,Participantes,participante/no confirmado,Entrevistador y Juan Sebastián Torres García (Trabajador de fruver),sin_asignar,,Revisar atribución y codificación humana; no es medición psicológica
Audio5-U002,Audio5,Entrevistador,entrevistador,"Muy bien, ¿cómo es su nombre?",sin_asignar,,Revisar atribución y codificación humana; no es medición psicológica
Audio5-U003,Audio5,Juan Sebastián,participante/no confirmado,Mi nombre es Juan Sebastián Torres García.,sin_asignar,,Revisar atribución y codificación humana; no es medición psicológica
Audio5-U004,Audio5,Entrevistador,entrevistador,"Y está trabajando en un fruver, ¿cierto?",sin_asignar,,Revisar atribución y codificación humana; no es medición psicológica
Audio5-U005,Audio5,Entrevistador,entrevistador,"Juan Sebastián, uno podría creer que el manejo de residuos orgánicos en el fruver es alto, ¿no?",generacion_y_desperdicio,,Revisar atribución y codificación humana; no es medición psicológica
Audio5-U006,Audio5,Juan Sebastián,participante/no confirmado,"Bien, mi papá.",sin_asignar,,Revisar atribución y codificación humana; no es medición psicológica
Audio5-U007,Audio5,Entrevistador,entrevistador,"¿Qué hacen ustedes o cómo están manejando justamente lo que se considera ya residuo, lo que es ya no de uso?",generacion_y_desperdicio,,Revisar atribución y codificación humana; no es medición psicológica
Audio5-U008,Audio5,Entrevistador,entrevistador,"Basura, basura pero orgánica.",disposicion_y_recoleccion;generacion_y_desperdicio,,Revisar atribución y codificación humana; no es medición psicológica
Audio5-U009,Audio5,Juan Sebastián,participante/no confirmado,Nosotros cogemos unas canecas y lo que hacemos es que hay varias gentes...,disposicion_y_recoleccion,,Revisar atribución y codificación humana; no es medición psicológica
Audio5-U010,Audio5,Entrevistador,entrevistador,"No, no, no.",sin_asignar,,Revisar atribución y codificación humana; no es medición psicológica
Audio5-U011,Audio5,Juan Sebastián,participante/no confirmado,Hay un otro uso.,sin_asignar,,Revisar atribución y codificación humana; no es medición psicológica
Audio5-U012,Audio5,Juan Sebastián,participante/no confirmado,"No, la desperdicia no va directamente a Chux, sino viene personas y se las llevan.",generacion_y_desperdicio,,Revisar atribución y codificación humana; no es medición psicológica
Audio5-U013,Audio5,Entrevistador,entrevistador,"¿Hay alguna reglamentación que los obliga por alguna razón a ustedes los fruveros a hacer eso, digamos que a no botarla en cualquier parte, sino a disponerla con un tercero, o eso no existe?",disposicion_y_recoleccion,,Revisar atribución y codificación humana; no es medición psicológica
Audio5-U014,Audio5,Juan Sebastián,participante/no confirmado,"No, no, pero es como más como va... como es como manejo ya de la conciencia de uno, porque sabiendo que le sirve a otra persona, entonces uno no, es como si yo no me como un pan duro, pero de pronto un indigente sí viene y le da el pancito y se lo come con un pintico, entonces eso ya... es como decisión de uno.",separacion_y_cultura,,Revisar atribución y codificación humana; no es medición psicológica
Audio5-U015,Audio5,Entrevistador,entrevistador,¿Hay problemas de basura aquí en el barrio?,disposicion_y_recoleccion,,Revisar atribución y codificación humana; no es medición psicológica
Audio5-U016,Audio5,Juan Sebastián,participante/no confirmado,"Sí, claro que sí.",sin_asignar,,Revisar atribución y codificación humana; no es medición psicológica
Audio5-U017,Audio5,Entrevistador,entrevistador,¿Por qué cree usted que se da esos problemas?,sin_asignar,,Revisar atribución y codificación humana; no es medición psicológica
Audio5-U018,Audio5,Juan Sebastián,participante/no confirmado,"No, porque la gente no cuida, la gente es muy desorganizada, la gente no cuida, simplemente no cuida y allá hay un chux y tiran la basura ahí.",disposicion_y_recoleccion,,Revisar atribución y codificación humana; no es medición psicológica
Audio5-U019,Audio5,Juan Sebastián,participante/no confirmado,Por fuera del chux.,sin_asignar,,Revisar atribución y codificación humana; no es medición psicológica
Audio5-U020,Audio5,Entrevistador,entrevistador,¿Usted cree que eso puede cambiar?,sin_asignar,,Revisar atribución y codificación humana; no es medición psicológica
Audio5-U021,Audio5,Entrevistador,entrevistador,¿Qué tendríamos que hacer para que la gente cambie la forma?,sin_asignar,,Revisar atribución y codificación humana; no es medición psicológica
Audio5-U022,Audio5,Juan Sebastián,participante/no confirmado,"Primeramente cambiar uno y hacerle como entender a la gente que el cambio empieza por uno y si la gente ve que uno bota la basura por dentro de ellos, pues me imagino que hará lo mismo como para que sientan conciencia de ellos de que eso está bien.",separacion_y_cultura;disposicion_y_recoleccion,,Revisar atribución y codificación humana; no es medición psicológica
Audio5-U023,Audio5,Entrevistador,entrevistador,¿Usted cree que la gente separa diferentes tipos de residuos o la mezcla toda y la va a usar como llega?,separacion_y_cultura;generacion_y_desperdicio,,Revisar atribución y codificación humana; no es medición psicológica
Audio5-U024,Audio5,Juan Sebastián,participante/no confirmado,"No, así como llega, así como la botan, ellos no separan.",separacion_y_cultura;disposicion_y_recoleccion,,Revisar atribución y codificación humana; no es medición psicológica
Audio5-U025,Audio5,Entrevistador,entrevistador,¿Usted que trabaja con frutas y verduras cree que la gente debería separar lo orgánico de lo inorgánico?,separacion_y_cultura;generacion_y_desperdicio,,Revisar atribución y codificación humana; no es medición psicológica
Audio5-U026,Audio5,Entrevistador,entrevistador,"¿Cómo haríamos para que la gente separe lo que sale de la cocina, lo orgánico, las cáscaras de papa, de plátano, todo lo orgánico, los restos de comida, pero... separarlo del resto de la basura?",separacion_y_cultura;disposicion_y_recoleccion;generacion_y_desperdicio,,Revisar atribución y codificación humana; no es medición psicológica
Audio5-U027,Audio5,Entrevistador,entrevistador,"Pero, ¿cómo así?",sin_asignar,,Revisar atribución y codificación humana; no es medición psicológica
Audio5-U028,Audio5,Entrevistador,entrevistador,"O sea, ¿que yo les diga?",sin_asignar,,Revisar atribución y codificación humana; no es medición psicológica
Audio5-U029,Audio5,Entrevistador,entrevistador,"No, no, no, ¿cómo cree usted que la gente podría hacer eso?",sin_asignar,,Revisar atribución y codificación humana; no es medición psicológica
Audio5-U030,Audio5,Juan Sebastián,participante/no confirmado,"De pronto una campaña o hacer una campaña o con proyectos que, ¿cómo se dice eso?",soluciones_y_participacion,,Revisar atribución y codificación humana; no es medición psicológica
Audio5-U031,Audio5,Juan Sebastián,participante/no confirmado,Que inculque el...,sin_asignar,,Revisar atribución y codificación humana; no es medición psicológica
Audio5-U032,Audio5,Entrevistador,entrevistador,Una campaña de sensibilización.,soluciones_y_participacion,,Revisar atribución y codificación humana; no es medición psicológica
Audio5-U033,Audio5,Juan Sebastián,participante/no confirmado,Para que la gente sepa y aprenda cómo tiene que hacer las separaciones de residuos.,separacion_y_cultura;generacion_y_desperdicio,,Revisar atribución y codificación humana; no es medición psicológica
Audio5-U034,Audio5,Entrevistador,entrevistador,Nosotros con los de la universidad tenemos un proyecto.,sin_asignar,,Revisar atribución y codificación humana; no es medición psicológica
Audio5-U035,Audio5,Entrevistador,entrevistador,El proyecto consiste en tratar de que la gente separe lo orgánico para que con esos residuos orgánicos se forme compost y ese compost le sirve para los cultivos.,separacion_y_cultura;generacion_y_desperdicio;soluciones_y_participacion,,Revisar atribución y codificación humana; no es medición psicológica
Audio5-U036,Audio5,Entrevistador,entrevistador,"Porque si se mezcla con el resto de la basura, vienen los perros, no sirve para nada.",disposicion_y_recoleccion;impactos_y_salud,,Revisar atribución y codificación humana; no es medición psicológica
Audio5-U037,Audio5,Entrevistador,entrevistador,¿Cree que ese proyecto es viable aquí en el barrio?,sin_asignar,,Revisar atribución y codificación humana; no es medición psicológica
Audio5-U038,Audio5,Juan Sebastián,participante/no confirmado,"Sí, claro, aquí en toda la parte del mundo, podría decir yo.",sin_asignar,,Revisar atribución y codificación humana; no es medición psicológica
Audio5-U039,Audio5,Entrevistador,entrevistador,¿Qué nos recomienda?,sin_asignar,,Revisar atribución y codificación humana; no es medición psicológica
Audio5-U040,Audio5,Entrevistador,entrevistador,¿Cuál debería ser el primer paso que nosotros deberíamos dar para empezar ese proyecto?,sin_asignar,,Revisar atribución y codificación humana; no es medición psicológica
Audio5-U041,Audio5,Juan Sebastián,participante/no confirmado,"No sé, pues, como de pronto hacer unos folleticos y para unos folleticos, unos, ¿cómo llaman eso?, pósteres, y que muestre cómo hacer las separaciones de residuos orgánicos e inorgánicos, o sea, como educar más a la gente, y ya, pues eso sería como lo primero.",separacion_y_cultura;generacion_y_desperdicio,,Revisar atribución y codificación humana; no es medición psicológica
Audio5-U042,Audio5,Juan Sebastián,participante/no confirmado,"Y no sé, de pronto hacer canales en YouTube, videos, en TikTok ahorita que está bastante visto, entonces más que todo por ese lado.",sin_asignar,,Revisar atribución y codificación humana; no es medición psicológica
Audio5-U043,Audio5,Entrevistador,entrevistador,¿Alguna pregunta adicional?,sin_asignar,,Revisar atribución y codificación humana; no es medición psicológica
Audio5-U044,Audio5,Entrevistador,entrevistador,¿Usted cree que sería una buena solución para en especial la gente de Tihuac proponer esa caneca especial?,disposicion_y_recoleccion;soluciones_y_participacion,,Revisar atribución y codificación humana; no es medición psicológica
Audio5-U045,Audio5,Entrevistador,entrevistador,¿Cree que sí lo harían?,sin_asignar,,Revisar atribución y codificación humana; no es medición psicológica
Audio5-U046,Audio5,Entrevistador,entrevistador,"Por ejemplo, si yo le doy una caneca especial a la gente para que solo ahí bote lo de la cocina.",disposicion_y_recoleccion,,Revisar atribución y codificación humana; no es medición psicológica
Audio5-U047,Audio5,Juan Sebastián,participante/no confirmado,"Ah, sí, claro.",sin_asignar,,Revisar atribución y codificación humana; no es medición psicológica
Audio5-U048,Audio5,Juan Sebastián,participante/no confirmado,Porque mucha gente...,sin_asignar,,Revisar atribución y codificación humana; no es medición psicológica
Audio5-U049,Audio5,Juan Sebastián,participante/no confirmado,"¿Qué me pagas, reina?",sin_asignar,,Revisar atribución y codificación humana; no es medición psicológica
Audio5-U050,Audio5,Juan Sebastián,participante/no confirmado,"Ah, lo del paquetito.",sin_asignar,,Revisar atribución y codificación humana; no es medición psicológica
Audio5-U051,Audio5,Juan Sebastián,participante/no confirmado,"Ah, sí, claro.",sin_asignar,,Revisar atribución y codificación humana; no es medición psicológica
Audio5-U052,Audio5,Juan Sebastián,participante/no confirmado,Es que... gracias.,sin_asignar,,Revisar atribución y codificación humana; no es medición psicológica
Audio5-U053,Audio5,Juan Sebastián,participante/no confirmado,Eso es como...,sin_asignar,,Revisar atribución y codificación humana; no es medición psicológica
Audio5-U054,Audio5,Juan Sebastián,participante/no confirmado,Eso es como si tú le regalaras a una persona un par de zapatos.,sin_asignar,,Revisar atribución y codificación humana; no es medición psicológica
Audio5-U055,Audio5,Juan Sebastián,participante/no confirmado,"Yo no tengo para comprar un par de zapatos, pero si yo a ti te regalo un par de zapatos, obviamente tú te los vas a poner.",sin_asignar,,Revisar atribución y codificación humana; no es medición psicológica
Audio5-U056,Audio5,Juan Sebastián,participante/no confirmado,"Entonces es como... mucha gente de pronto no dice: ""Ah, qué pereza comprar una caneca"", o ""Ah, qué pereza comprar una caneca para hacer ese proceso, para echar los residuos"", pero si de pronto ya tú me las regalas, porque ya con unas cosas muy diferentes que le regalen a uno, ya me motivo de pronto para separar los residuos.",separacion_y_cultura;disposicion_y_recoleccion;generacion_y_desperdicio,,Revisar atribución y codificación humana; no es medición psicológica
Audio5-U057,Audio5,Entrevistador,entrevistador,"Listo, hermano, muy amable, ¿le podemos pedir un último favor?",sin_asignar,,Revisar atribución y codificación humana; no es medición psicológica
Audio6-U001,Audio6,Participantes,participante/no confirmado,Entrevistador y Propietaria de local comercial (36 años en la zona),sin_asignar,,Revisar atribución y codificación humana; no es medición psicológica
Audio6-U002,Audio6,Entrevistador,entrevistador,"Bueno, ¿cuánto tiempo llevas viviendo acá en la zona del sector?",sin_asignar,,Revisar atribución y codificación humana; no es medición psicológica
Audio6-U003,Audio6,Entrevistador,entrevistador,"Bueno, ¿el local es tuyo?",sin_asignar,,Revisar atribución y codificación humana; no es medición psicológica
Audio6-U004,Audio6,Entrevistada,participante/no confirmado,"No, en arriendo.",sin_asignar,,Revisar atribución y codificación humana; no es medición psicológica
Audio6-U005,Audio6,Entrevistador,entrevistador,"Ah, es en arriendo.",sin_asignar,,Revisar atribución y codificación humana; no es medición psicológica
Audio6-U006,Audio6,Entrevistador,entrevistador,¿Siempre has vivido en el mismo lugar acá o has tenido lugar más arriba?,sin_asignar,,Revisar atribución y codificación humana; no es medición psicológica
Audio6-U007,Audio6,Entrevistada,participante/no confirmado,"No, yo he vivido más allá.",sin_asignar,,Revisar atribución y codificación humana; no es medición psicológica
Audio6-U008,Audio6,Entrevistador,entrevistador,"En la casa, ¿cuántos viven?",sin_asignar,,Revisar atribución y codificación humana; no es medición psicológica
Audio6-U009,Audio6,Entrevistador,entrevistador,¿Cuántas personas salen a comer?,sin_asignar,,Revisar atribución y codificación humana; no es medición psicológica
Audio6-U010,Audio6,Entrevistada,participante/no confirmado,"En mi familia, ahorita somos tres.",sin_asignar,,Revisar atribución y codificación humana; no es medición psicológica
Audio6-U011,Audio6,Entrevistada,participante/no confirmado,"O sea, tu cocina es normalmente para tres personas...",sin_asignar,,Revisar atribución y codificación humana; no es medición psicológica
Audio6-U012,Audio6,Entrevistada,participante/no confirmado,"Sí, o sea, está mi sobrina, mi esposo y mi hijo y yo, pues somos cuatro, o sea, contándome yo, cuatro.",sin_asignar,,Revisar atribución y codificación humana; no es medición psicológica
Audio6-U013,Audio6,Entrevistador,entrevistador,"Cuatro los que hacen las comidas, ah listo.",generacion_y_desperdicio,,Revisar atribución y codificación humana; no es medición psicológica
Audio6-U014,Audio6,Entrevistador,entrevistador,¿Cuándo fueron las últimas que comieron juntos todos?,sin_asignar,,Revisar atribución y codificación humana; no es medición psicológica
Audio6-U015,Audio6,Entrevistada,participante/no confirmado,"No, complicado, como 15 días.",sin_asignar,,Revisar atribución y codificación humana; no es medición psicológica
Audio6-U016,Audio6,Entrevistador,entrevistador,"Normalmente, ¿qué hacen con los desechos de la papa, lo que sobra en el plato?",generacion_y_desperdicio,,Revisar atribución y codificación humana; no es medición psicológica
Audio6-U017,Audio6,Entrevistador,entrevistador,¿Todo va en la bolsa de red o tienen algún tipo de receta especial?,disposicion_y_recoleccion,,Revisar atribución y codificación humana; no es medición psicológica
Audio6-U018,Audio6,Entrevistada,participante/no confirmado,"No, se lo echamos a...",sin_asignar,,Revisar atribución y codificación humana; no es medición psicológica
Audio6-U019,Audio6,Entrevistada,participante/no confirmado,"O sea, eso le echamos a los perritos cuando quieren comer.",sin_asignar,,Revisar atribución y codificación humana; no es medición psicológica
Audio6-U020,Audio6,Entrevistador,entrevistador,"Ah, las sobras de comida siempre a los perritos.",generacion_y_desperdicio,,Revisar atribución y codificación humana; no es medición psicológica
Audio6-U021,Audio6,Entrevistada,participante/no confirmado,"A los perritos, sí.",sin_asignar,,Revisar atribución y codificación humana; no es medición psicológica
Audio6-U022,Audio6,Entrevistador,entrevistador,"Ah, ok, súper bien.",sin_asignar,,Revisar atribución y codificación humana; no es medición psicológica
Audio6-U023,Audio6,Entrevistador,entrevistador,"En el caso, digamos, de las cáscaras de huevo, ¿tienen algún tipo de manejo?",generacion_y_desperdicio,,Revisar atribución y codificación humana; no es medición psicológica
Audio6-U024,Audio6,Entrevistada,participante/no confirmado,"Esas se las molemos y se las echamos a las matas, a las materas.",sin_asignar,,Revisar atribución y codificación humana; no es medición psicológica
Audio6-U025,Audio6,Entrevistador,entrevistador,"Bueno, tienen un manejo más adecuado de los residuos.",generacion_y_desperdicio,,Revisar atribución y codificación humana; no es medición psicológica
Audio6-U026,Audio6,Entrevistador,entrevistador,"Y bueno, ¿consideran que este tema del chux de las basuras, si eso ha mejorado la concentración de basura, hace que sea menos el desorden?",disposicion_y_recoleccion,,Revisar atribución y codificación humana; no es medición psicológica
Audio6-U027,Audio6,Entrevistada,participante/no confirmado,"No, la gente es muy cochina.",sin_asignar,,Revisar atribución y codificación humana; no es medición psicológica
Audio6-U028,Audio6,Entrevistada,participante/no confirmado,"Sí, hablando lo que es, la gente es muy cochina.",sin_asignar,,Revisar atribución y codificación humana; no es medición psicológica
Audio6-U029,Audio6,Entrevistada,participante/no confirmado,"Porque no lo echan dentro del chux, porque el chux tenía puerta, tenía eso, pero la gente...",sin_asignar,,Revisar atribución y codificación humana; no es medición psicológica
Audio6-U030,Audio6,Entrevistador,entrevistador,¿Hace cuánto queda el chux de ahí?,sin_asignar,,Revisar atribución y codificación humana; no es medición psicológica
Audio6-U031,Audio6,Entrevistada,participante/no confirmado,Yo creo que como dos años.,sin_asignar,,Revisar atribución y codificación humana; no es medición psicológica
Audio6-U032,Audio6,Entrevistada,participante/no confirmado,"Sí, hace reciente, sí.",sin_asignar,,Revisar atribución y codificación humana; no es medición psicológica
Audio6-U033,Audio6,Entrevistador,entrevistador,¿Y antes qué hacían cuando no había chux con las basuras?,disposicion_y_recoleccion,,Revisar atribución y codificación humana; no es medición psicológica
Audio6-U034,Audio6,Entrevistada,participante/no confirmado,"En las esquinas, pero las esquinas mantienen llenas de basura.",disposicion_y_recoleccion,,Revisar atribución y codificación humana; no es medición psicológica
Audio6-U035,Audio6,Entrevistada,participante/no confirmado,"Por ejemplo, usted se va por esta cuadra y en la esquina de allá, usted se asoma y ahí le toma una foto y ve un basurero, pero una cosa impresionante, porque la basura no entra a esa cuadra, o sea, ya no recoge basura, entonces la gente viene y la bota ahí donde no pasa el carro.",disposicion_y_recoleccion,,Revisar atribución y codificación humana; no es medición psicológica
Audio6-U036,Audio6,Entrevistador,entrevistador,"Eso te iba a preguntar, conforme al carro de basura, ¿es puntual, pasa los días que son?",disposicion_y_recoleccion,,Revisar atribución y codificación humana; no es medición psicológica
Audio6-U037,Audio6,Entrevistada,participante/no confirmado,Hace tres meses el carro no pasa por ahí.,disposicion_y_recoleccion,,Revisar atribución y codificación humana; no es medición psicológica
Audio6-U038,Audio6,Entrevistada,participante/no confirmado,Por acá no pasa.,sin_asignar,,Revisar atribución y codificación humana; no es medición psicológica
Audio6-U039,Audio6,Entrevistada,participante/no confirmado,"Y sí toca pagar, carísimo, porque nos cobran 40 mil por la basura.",disposicion_y_recoleccion;confianza_y_gobernanza,,Revisar atribución y codificación humana; no es medición psicológica
Audio6-U040,Audio6,Entrevistador,entrevistador,"Perdón, te pregunto, ¿este cobro viene del recibo de la luz o del agua?",confianza_y_gobernanza,,Revisar atribución y codificación humana; no es medición psicológica
Audio6-U041,Audio6,Entrevistada,participante/no confirmado,De la luz.,sin_asignar,,Revisar atribución y codificación humana; no es medición psicológica
Audio6-U042,Audio6,Entrevistador,entrevistador,"Ok, es mensual.",sin_asignar,,Revisar atribución y codificación humana; no es medición psicológica
Audio6-U043,Audio6,Entrevistada,participante/no confirmado,"Y vale 40, según como esto lo están cobrando o no.",sin_asignar,,Revisar atribución y codificación humana; no es medición psicológica
Audio6-U044,Audio6,Entrevistada,participante/no confirmado,"Pero no pasa el carro, porque yo decía que el carro pite y uno lo saca, el de la casa saca la basura, pero ni pasa, ni pasa, ni pasa, ni pasa.",disposicion_y_recoleccion,,Revisar atribución y codificación humana; no es medición psicológica
Audio6-U045,Audio6,Entrevistador,entrevistador,"¿Mencionas este cobro porque se aumenta, porque la zona es comercial, cierto?",confianza_y_gobernanza,,Revisar atribución y codificación humana; no es medición psicológica
Audio6-U046,Audio6,Entrevistador,entrevistador,"Te iba a preguntar, este tema de los residuos de la comida, ¿han visto problemática con el tema de los animales?",generacion_y_desperdicio,,Revisar atribución y codificación humana; no es medición psicológica
Audio6-U047,Audio6,Entrevistador,entrevistador,¿Los animales rompen mucho las bolsas?,disposicion_y_recoleccion,,Revisar atribución y codificación humana; no es medición psicológica
Audio6-U048,Audio6,Entrevistada,participante/no confirmado,"Rompen, sí, y la gente, los que reciclar.",sin_asignar,,Revisar atribución y codificación humana; no es medición psicológica
Audio6-U049,Audio6,Entrevistada,participante/no confirmado,Ellos rompen las bolsas y todo el reguero queda ahí.,disposicion_y_recoleccion,,Revisar atribución y codificación humana; no es medición psicológica
Audio6-U050,Audio6,Entrevistador,entrevistador,"¿Crees que si se hiciera un manejo correcto de este tema de los alimentos —ya pues no podemos hacer mucho con las botellas y eso, porque estas personas se las llevan y las solucionan, lo más que ellos no recogen como tal las cáscaras de plátano, las cáscaras de papa— crees que si desde la casa, desde cada uno de nuestros hogares, manejaramos mejor ese residuo que son los alimentos que ya se desperdiciaron, crees que se mejoraría el tema de la basura?",disposicion_y_recoleccion;generacion_y_desperdicio;soluciones_y_participacion,,Revisar atribución y codificación humana; no es medición psicológica
Audio6-U051,Audio6,Entrevistador,entrevistador,"¿No habría tanto perro, no habría tanto olor?",impactos_y_salud,,Revisar atribución y codificación humana; no es medición psicológica
Audio6-U052,Audio6,Entrevistada,participante/no confirmado,"Sí, no habría tanto perro, sí, con eso sí, pero la gente no lo va a hacer, porque la gente es muy... o sea, hay mucha gente que es muy ignorante en ese sentido, ¿sí me entiendes?",impactos_y_salud,,Revisar atribución y codificación humana; no es medición psicológica
Audio6-U053,Audio6,Entrevistada,participante/no confirmado,No todo el mundo.,sin_asignar,,Revisar atribución y codificación humana; no es medición psicológica
Audio6-U054,Audio6,Entrevistada,participante/no confirmado,"Pero, ¿qué hacemos con tres o cuatro que hagamos si diez no lo hace?",sin_asignar,,Revisar atribución y codificación humana; no es medición psicológica
Audio6-U055,Audio6,Entrevistador,entrevistador,"Si existiera una remuneración por hacerlo, ¿usted considera que las demás personas, o bueno, todo el mundo lo haría?",sin_asignar,,Revisar atribución y codificación humana; no es medición psicológica
Audio6-U056,Audio6,Entrevistada,participante/no confirmado,Yo creo que sí.,sin_asignar,,Revisar atribución y codificación humana; no es medición psicológica
Audio6-U057,Audio6,Entrevistada,participante/no confirmado,"Sería más factible a que no, si no la hay.",sin_asignar,,Revisar atribución y codificación humana; no es medición psicológica
Audio6-U058,Audio6,Entrevistada,participante/no confirmado,"Que hubiera una compensación por recoger su alimento, yo creo que sí, la gente lo haría porque... pues sabes que todo el mundo es... digamos, el tuyo que es papelería, pues no generas tanto, si no generas literalmente residuos orgánicos.",disposicion_y_recoleccion;generacion_y_desperdicio,,Revisar atribución y codificación humana; no es medición psicológica
Audio6-U059,Audio6,Entrevistada,participante/no confirmado,"En el caso digamos de un restaurante, ¿consideras que ellos deberían tener un poco más de conciencia con esa parte?",separacion_y_cultura,,Revisar atribución y codificación humana; no es medición psicológica
Audio6-U060,Audio6,Entrevistada,participante/no confirmado,"Sí, el resto de los restaurantes es una parte como grande y la reciben también, sí, claro, se nota bastante.",sin_asignar,,Revisar atribución y codificación humana; no es medición psicológica
Audio6-U061,Audio6,Entrevistador,entrevistador,"No sé si tú sabes, o bueno, ¿tienes algún conocimiento de si los restaurantes botan la basura ahí mismo?",disposicion_y_recoleccion,,Revisar atribución y codificación humana; no es medición psicológica
Audio6-U062,Audio6,Entrevistada,participante/no confirmado,"No tengo ni idea, pues yo me imagino que sí, ¿no?",sin_asignar,,Revisar atribución y codificación humana; no es medición psicológica
Audio6-U063,Audio6,Entrevistada,participante/no confirmado,"Porque para estar el chux ahí, está para todo, pues, ¿qué hago por fuera?",sin_asignar,,Revisar atribución y codificación humana; no es medición psicológica
Audio6-U064,Audio6,Entrevistador,entrevistador,"El tema de los olores, ¿es muy fuerte o es normal?",impactos_y_salud,,Revisar atribución y codificación humana; no es medición psicológica
Audio6-U065,Audio6,Entrevistada,participante/no confirmado,"Del tema del chux, por ejemplo, si huele mucho, pues con lo que hace tanto aire pues no se concentra, se lo lleva todo el frío y todo.",impactos_y_salud,,Revisar atribución y codificación humana; no es medición psicológica
Audio6-U066,Audio6,Entrevistada,participante/no confirmado,"Sí ayuda a no oler tanto, no es una problemática tan principal, pues el olor no.",impactos_y_salud,,Revisar atribución y codificación humana; no es medición psicológica
Audio6-U067,Audio6,Entrevistador,entrevistador,"¿Y el tema plagas, consideras que se ve?",impactos_y_salud,,Revisar atribución y codificación humana; no es medición psicológica
Audio6-U068,Audio6,Entrevistada,participante/no confirmado,"Sí, porque hay muchas ratas y ratones, ya sean ratas, ratones...",impactos_y_salud,,Revisar atribución y codificación humana; no es medición psicológica
Audio6-U069,Audio6,Entrevistada,participante/no confirmado,"No, pues bueno, yo en mi casa no tengo cucarachas, no, parecen roedores sí, pero como pues hay gatitos, pues el gato los soluciona, antes me los trae, los trae como cena.",impactos_y_salud;soluciones_y_participacion,,Revisar atribución y codificación humana; no es medición psicológica
Audio6-U070,Audio6,Entrevistador,entrevistador,"Como cena, sí.",sin_asignar,,Revisar atribución y codificación humana; no es medición psicológica
Audio6-U071,Audio6,Entrevistador,entrevistador,"Yo creo que sí, ya estamos bie",sin_asignar,,Revisar atribución y codificación humana; no es medición psicológica
Audio8-U001,Audio8,Participantes,participante/no confirmado,"Entrevistador (William Fonseca, Politécnico Grancolómiano) y Valentina Rodríguez (Residente y comerciante local)",sin_asignar,,Revisar atribución y codificación humana; no es medición psicológica
Audio8-U002,Audio8,Entrevistador,entrevistador,"Perfecto, buenas tardes, mi nombre es William Fonseca, del programa de mercado y publicidad del Politécnico Grancolombiano, ¿tu nombre es?",sin_asignar,,Revisar atribución y codificación humana; no es medición psicológica
Audio8-U003,Audio8,Entrevistador,entrevistador,"Vale, Valentina, te explico súper breve, estamos en este momento haciendo un proyecto de investigación para recibir toda la información posible relacionada con todo el tema de las basuras y precisamente de desechos orgánicos.",disposicion_y_recoleccion;generacion_y_desperdicio,,Revisar atribución y codificación humana; no es medición psicológica
Audio8-U004,Audio8,Valentina,participante/no confirmado,"Bueno, no mucho tiempo, llevo como cuatro años viviendo acá en este sector.",sin_asignar,,Revisar atribución y codificación humana; no es medición psicológica
Audio8-U005,Audio8,Entrevistador,entrevistador,"Ok, cuatro años viviendo en el sector y durante esos cuatro años tú has percibido exactamente la misma problemática que has tenido acá, lo que has visto, o eso es algo muy reciente.",sin_asignar,,Revisar atribución y codificación humana; no es medición psicológica
Audio8-U006,Audio8,Valentina,participante/no confirmado,"Pues es algo que ya ha estado, pero pues con el tiempo ha avanzado un poco más, entonces se ha visto como más involucra más.",sin_asignar,,Revisar atribución y codificación humana; no es medición psicológica
Audio8-U007,Audio8,Entrevistador,entrevistador,¿Y por qué crees que ha avanzado eso desde el inicio que tú llegaste hace cuatro años al día de hoy en donde lo ves como con más frecuencia?,sin_asignar,,Revisar atribución y codificación humana; no es medición psicológica
Audio8-U008,Audio8,Valentina,participante/no confirmado,"Pues yo pienso que primeramente es por falta de cultura, o sea las personas, es ""no es basura, entonces voy y lo echo allá"".",separacion_y_cultura;disposicion_y_recoleccion,,Revisar atribución y codificación humana; no es medición psicológica
Audio8-U009,Audio8,Valentina,participante/no confirmado,"Hay muchos que, ejemplo, pues no ponen bolsas en sus canecas de basura y pues vienen y echan la basura así, pues así no sería.",disposicion_y_recoleccion,,Revisar atribución y codificación humana; no es medición psicológica
Audio8-U010,Audio8,Valentina,participante/no confirmado,"Entonces, principalmente, pues, sería por ese factor y también diría que porque, pues, hay muchos habitantes de calle también, o sea, no ayudan y lo que hacen es regar todo eso, los animalitos de la calle, pues, también rebuscan ahí, pues, eso es un completo desorden y, pues, afecta a todos como tal.",sin_asignar,,Revisar atribución y codificación humana; no es medición psicológica
Audio8-U011,Audio8,Entrevistador,entrevistador,"Hay tres cosas que tú tocas interesantes, entonces voy a abordar la primera.",sin_asignar,,Revisar atribución y codificación humana; no es medición psicológica
Audio8-U012,Audio8,Entrevistador,entrevistador,La primera tú dices falta de cultura.,separacion_y_cultura,,Revisar atribución y codificación humana; no es medición psicológica
Audio8-U013,Audio8,Entrevistador,entrevistador,"¿Recuerdas en estos cuatro años que has estado acá que se hayan hecho campañas de concientización, de cultura con todos los habitantes del sector?",separacion_y_cultura;soluciones_y_participacion,,Revisar atribución y codificación humana; no es medición psicológica
Audio8-U014,Audio8,Valentina,participante/no confirmado,"No, mira que no, no, o sea, no.",sin_asignar,,Revisar atribución y codificación humana; no es medición psicológica
Audio8-U015,Audio8,Valentina,participante/no confirmado,"Ni la gente por sí misma toma conciencia, no es que es algo complicado.",separacion_y_cultura,,Revisar atribución y codificación humana; no es medición psicológica
Audio8-U016,Audio8,Valentina,participante/no confirmado,"O por ejemplo, pues, ejemplo a mí, pues, en mi casa no hay como tal algo de reciclaje, pero pues sí, con mis hermanos hemos planteado la idea y pues lo hemos ido haciendo.",sin_asignar,,Revisar atribución y codificación humana; no es medición psicológica
Audio8-U017,Audio8,Valentina,participante/no confirmado,"Por ejemplo, hojas que ya no necesitamos, entonces como ""ay, ven, vamos a llevarlo a algún lugar que sí puedan aprovechar ese reciclaje"".",soluciones_y_participacion,,Revisar atribución y codificación humana; no es medición psicológica
Audio8-U018,Audio8,Entrevistador,entrevistador,"Ok, tú mencionaste otra segunda cosa importante y que de hecho lo notamos cuando llegamos y fue la cantidad de perritos que hay.",sin_asignar,,Revisar atribución y codificación humana; no es medición psicológica
Audio8-U019,Audio8,Entrevistador,entrevistador,"Desde el momento que tú llegaste hace cuatro años hasta el día de hoy, siempre ha sido ese comportamiento a nivel de todos los animalitos y no solo perritos, ¿has visto otro tipo de animales que han estado alrededor de todo este tema de desechos?",sin_asignar,,Revisar atribución y codificación humana; no es medición psicológica
Audio8-U020,Audio8,Valentina,participante/no confirmado,"Pues sí, ha influenciado mucho más el abandono de animalitos, entonces, pues cuando yo llegué sí se veía, pero no mucho.",sin_asignar,,Revisar atribución y codificación humana; no es medición psicológica
Audio8-U021,Audio8,Valentina,participante/no confirmado,"Yo creo que con el paso del tiempo es cuando más va avanzando, entonces, por ese lado, más animales distintos a los perritos, no, mira que gatos casi no, ellos sí son muy de casa, pero, bueno, ratas, pero eso es por la misma contaminación que sí se percibe, sí he visto, entonces...",impactos_y_salud,,Revisar atribución y codificación humana; no es medición psicológica
Audio8-U022,Audio8,Valentina,participante/no confirmado,Eso nos afecta muchísimo tanto también el ambiente que eso va a nuestro sistema respiratorio y todo eso entonces.,sin_asignar,,Revisar atribución y codificación humana; no es medición psicológica
Audio8-U023,Audio8,Valentina,participante/no confirmado,"A mayor tiempo pues nos puede afectar, pero entonces...",sin_asignar,,Revisar atribución y codificación humana; no es medición psicológica
Audio8-U024,Audio8,Entrevistador,entrevistador,"Y el tema de la indigencia que mencionas, que has visto bastante habitante en condición de calle, ¿cómo es el comportamiento de ellos en relación a este sector en particular, que vemos que tienes un gran problema de basuras aquí al lado?",disposicion_y_recoleccion,,Revisar atribución y codificación humana; no es medición psicológica
Audio8-U025,Audio8,Entrevistador,entrevistador,¿Exactamente cómo es su comportamiento que hace que afecte aún más el problema?,sin_asignar,,Revisar atribución y codificación humana; no es medición psicológica
Audio8-U026,Audio8,Valentina,participante/no confirmado,"Bueno, pues principalmente ellos ingresan ahí al lugar y pues a esas bolsas que ya están hechas a desarmarlas y dejar un desorden por todo eso y a eso viene pues que van regando toda esa basura y se va expandiendo, o sea era solo la casita que se ve ahí pero ahora es todo por fuera, se puede observar la montañita allá, todo eso está lleno de basura, entonces eso influye en que ellos pues por buscar algo de comer para ellos realizan ese tipo de cosas.",disposicion_y_recoleccion,,Revisar atribución y codificación humana; no es medición psicológica
Audio8-U027,Audio8,Entrevistador,entrevistador,"¿Tú recuerdas si alguien conocido, tú o acá la persona encargada de este comercio, haya puesto algún tipo de denuncia, algún derecho de petición o algo ante los entes reguladores o el mismo distrito con el problema que ustedes tienen?",sin_asignar,,Revisar atribución y codificación humana; no es medición psicológica
Audio8-U028,Audio8,Valentina,participante/no confirmado,"Sí, claro, sí, varias personas ya lo han hecho la petición, pero aún así no se ha sido escuchado de manera como deberíamos ser escuchados, como quisiéramos escuchar.",sin_asignar,,Revisar atribución y codificación humana; no es medición psicológica
Audio8-U029,Audio8,Valentina,participante/no confirmado,"Entonces, pues sí se han hecho, pero pues no se ha actuado de manera que nosotros nos gustaría que actuara.",sin_asignar,,Revisar atribución y codificación humana; no es medición psicológica
Audio8-U030,Audio8,Entrevistador,entrevistador,¿A ti cómo te gustaría que se solucionara el problema?,soluciones_y_participacion,,Revisar atribución y codificación humana; no es medición psicológica
Audio8-U031,Audio8,Entrevistador,entrevistador,"Si tú tuvieses la oportunidad de proponer una solución y decir, esto lo deberían hacer, ¿qué crees que debería ser la solución?",soluciones_y_participacion,,Revisar atribución y codificación humana; no es medición psicológica
Audio8-U032,Audio8,Valentina,participante/no confirmado,"Primordial pues una campaña, sería súper importante concientizar porque pues primero empieza desde nosotros, desde casa puede empezar y pues así mismo en la regular pues las basuras, ejemplo pues hay mucho... mucho tema pues que no es basura pero si se puede utilizar, reutilizar, entonces eso sería un buen mecanismo para plantear.",separacion_y_cultura;disposicion_y_recoleccion;soluciones_y_participacion,,Revisar atribución y codificación humana; no es medición psicológica
Audio8-U033,Audio8,Entrevistador,entrevistador,"Ok, desde la casa tú mencionas que estabas o con tus hermanos hacías un poco iniciativas a nivel de reciclaje.",sin_asignar,,Revisar atribución y codificación humana; no es medición psicológica
Audio8-U034,Audio8,Entrevistador,entrevistador,"Si nos vamos exactamente al tema de los desechos orgánicos en la cocina, en tu hogar, ¿cómo hacen ustedes el manejo de lo típico, la cáscara de huevo que queda después de hacer el desayuno, la cáscara de banano y todo este tipo de desechos orgánicos incluso que quedan en el plato después?",generacion_y_desperdicio,,Revisar atribución y codificación humana; no es medición psicológica
Audio8-U035,Audio8,Entrevistador,entrevistador,¿Qué pasa con eso a nivel del hogar?,sin_asignar,,Revisar atribución y codificación humana; no es medición psicológica
Audio8-U036,Audio8,Valentina,participante/no confirmado,"Bueno, pues eso sí, o lo consideramos o quizás no tengamos el conocimiento, pues sí es algo orgánico, pero entonces sí lo botamos, sí lo desperdiciamos y pues va a la basura.",disposicion_y_recoleccion;generacion_y_desperdicio,,Revisar atribución y codificación humana; no es medición psicológica
Audio8-U037,Audio8,Entrevistador,entrevistador,¿Tienen un mismo chute de basura para todo o separan?,separacion_y_cultura;disposicion_y_recoleccion,,Revisar atribución y codificación humana; no es medición psicológica
Audio8-U038,Audio8,Valentina,participante/no confirmado,"Separamos lo que digamos es plástico y hojas y ya lo orgánico de cocina pues queda solo en la cocina, la basura de la cocina.",separacion_y_cultura;disposicion_y_recoleccion;generacion_y_desperdicio,,Revisar atribución y codificación humana; no es medición psicológica
Audio8-U039,Audio8,Entrevistador,entrevistador,"Lo orgánico de cocina va junto con, no sé, con más basura aparte del plástico, el plástico y el papel lo separan, pero todo lo demás va en el mismo chute.",separacion_y_cultura;disposicion_y_recoleccion;generacion_y_desperdicio,,Revisar atribución y codificación humana; no es medición psicológica
Audio8-U040,Audio8,Valentina,participante/no confirmado,"Diría pues lo orgánico, porque por ejemplo esos plastiquitos de dulces o cosas así va con lo plástico y papel que ya mencioné anteriormente.",generacion_y_desperdicio,,Revisar atribución y codificación humana; no es medición psicológica
Audio8-U041,Audio8,Entrevistador,entrevistador,¿Cada cuánto pasa acá la basura?,disposicion_y_recoleccion,,Revisar atribución y codificación humana; no es medición psicológica
Audio8-U042,Audio8,Valentina,participante/no confirmado,"Cada día, día de por medio pasa.",sin_asignar,,Revisar atribución y codificación humana; no es medición psicológica
Audio8-U043,Audio8,Valentina,participante/no confirmado,"O sea, no es muy demorada tampoco, o sea, pasa.",sin_asignar,,Revisar atribución y codificación humana; no es medición psicológica
Audio8-U044,Audio8,Entrevistador,entrevistador,"¿Y el comportamiento que tienes tú, incluso que has visto tus vecinos en relación al paso de la basura, la dejan en qué lugar?",disposicion_y_recoleccion,,Revisar atribución y codificación humana; no es medición psicológica
Audio8-U045,Audio8,Entrevistador,entrevistador,"¿O cómo hacen para dejar los desechos, específicamente los desechos orgánicos?",generacion_y_desperdicio,,Revisar atribución y codificación humana; no es medición psicológica
Audio8-U046,Audio8,Entrevistador,entrevistador,"¿Los mantienen en su hogar mientras llega la basura, los sacan después de que llegue la basura, en el momento que llegue la basura?",disposicion_y_recoleccion,,Revisar atribución y codificación humana; no es medición psicológica
Audio8-U047,Audio8,Entrevistador,entrevistador,¿O cómo funciona ese tema del camino desde la cocina hasta ese carro?,disposicion_y_recoleccion,,Revisar atribución y codificación humana; no es medición psicológica
Audio8-U048,Audio8,Valentina,participante/no confirmado,"Bueno, pues se ha evidenciado varias veces que es mucho antes, una noche antes sacan la basura, entonces se ve mucho el reguero de basura y ahí es donde aprovechan los animalitos a hacer su desorden, entonces al día siguiente se ve mucho desorden, aunque pues las personas que son encargadas de recoger la basura intentan limpiar y dejar eso lo más prudente, pero pues aún así no es suficiente porque pues también aquí un factor es el viento entonces eso corre muchísimo la basura entonces eso llega hasta nuestras caras que es algo pues incómodo y ya.",disposicion_y_recoleccion;soluciones_y_participacion,,Revisar atribución y codificación humana; no es medición psicológica
Audio8-U049,Audio8,Entrevistador,entrevistador,"Ok, una última pregunta ya para finalizar y es el tema del espacio en este sector a nivel de los hogares.",sin_asignar,,Revisar atribución y codificación humana; no es medición psicológica
Audio8-U050,Audio8,Entrevistador,entrevistador,"El tipo de elemento que utilizan para recoger este tipo de desechos orgánicos, ¿qué tipo de caja o qué tipo de... cómo se llamaría esto?",disposicion_y_recoleccion;generacion_y_desperdicio,,Revisar atribución y codificación humana; no es medición psicológica
Audio8-U051,Audio8,Entrevistador,entrevistador,"Como qué tipo de... sí, no sé cómo decirle, como dónde se deposita, o qué tipo de elemento utilizan, ¿la bolsa ahí en el piso, utilizan una caneca más o menos de qué tamaño suelen utilizar?",disposicion_y_recoleccion,,Revisar atribución y codificación humana; no es medición psicológica
Audio8-U052,Audio8,Entrevistador,entrevistador,"Todo este tipo de cosas para ustedes, tanto en el comercio como también en tu hogar.",sin_asignar,,Revisar atribución y codificación humana; no es medición psicológica
Audio8-U053,Audio8,Valentina,participante/no confirmado,"Bolsitas de basura bien cerradas y se deja y pues no sea, es que hay puntos específicos donde se puede dejar la basura que son como una casita así donde se ve, pues acá hay uno y en la parte de arriba bien arriba hay otro, pero entonces todas estas personas de esquinas las dejan ahí en la esquina, entonces pues eso no está bien porque ahí es por donde se empieza, entonces sí no deberían llevar la puesta a los puntos que ya integrados.",disposicion_y_recoleccion,,Revisar atribución y codificación humana; no es medición psicológica
Audio8-U054,Audio8,Valentina,participante/no confirmado,"Entonces sí, la mayoría de veces solo es en bolsitas bien cerradas y pues como ya dije principalmente, pues a veces hay personas también que ni siquiera bulsan, entonces solo llevan la caneca de su basura, la echan y ya, porque sí lo he evidenciado y pues sí lo he visto.",disposicion_y_recoleccion,,Revisar atribución y codificación humana; no es medición psicológica
Audio8-U055,Audio8,Entrevistador,entrevistador,"Perfecto, entonces damos por finalizada la entrevista, mil mil gracias y acá paró la grabación.",sin_asignar,,Revisar atribución y codificación humana; no es medición psicológica
Audio9-U001,Audio9,Participantes,participante/no confirmado,"Entrevistador (William Fonseca, Politécnico Grancolombiano) e Isaac Pardo (Comerciante y residente de la zona)",sin_asignar,,Revisar atribución y codificación humana; no es medición psicológica
Audio9-U002,Audio9,Entrevistador,entrevistador,"Entonces, primero me presento: soy William Fonseca, estudiante del programa de Mercado y Publicidad del Politécnico Gran Colombiano.",sin_asignar,,Revisar atribución y codificación humana; no es medición psicológica
Audio9-U003,Audio9,Entrevistador,entrevistador,¿Con quién tengo el gusto?,sin_asignar,,Revisar atribución y codificación humana; no es medición psicológica
Audio9-U004,Audio9,Isaac,participante/no confirmado,Con Isaac Pardo.,sin_asignar,,Revisar atribución y codificación humana; no es medición psicológica
Audio9-U005,Audio9,Entrevistador,entrevistador,"Isaac, como te comenté hace un momento, estamos haciendo un estudio de todo el tema del sector y a nivel de desechos orgánicos específicamente, que es lo que provoca, digamos que, los malos olores, infecciones, contaminación, todo el tema de roedores y también de los mismos perritos que destapan bolsas y todo este tema.",disposicion_y_recoleccion;impactos_y_salud;generacion_y_desperdicio,,Revisar atribución y codificación humana; no es medición psicológica
Audio9-U006,Audio9,Entrevistador,entrevistador,Entonces vamos a conocer un poquito más tu opinión sobre eso en particular.,sin_asignar,,Revisar atribución y codificación humana; no es medición psicológica
Audio9-U007,Audio9,Entrevistador,entrevistador,"Lo primero es, pues, conocerte un poco: ¿hace cuánto estás en este barrio, en este sector?",sin_asignar,,Revisar atribución y codificación humana; no es medición psicológica
Audio9-U008,Audio9,Isaac,participante/no confirmado,"Bueno, pues la verdad, o sea, hace qué, como 5 años más o menos, pero yo no vivo acá.",sin_asignar,,Revisar atribución y codificación humana; no es medición psicológica
Audio9-U009,Audio9,Entrevistador,entrevistador,"Ok, hace 5 años tienes el local acá, por decirlo de alguna manera, o trabajas por este sector.",sin_asignar,,Revisar atribución y codificación humana; no es medición psicológica
Audio9-U010,Audio9,Entrevistador,entrevistador,¿Qué percibes tú en este sector a diferencia de donde tu sueles vivir?,sin_asignar,,Revisar atribución y codificación humana; no es medición psicológica
Audio9-U011,Audio9,Entrevistador,entrevistador,"O sea, ¿qué percibo como, en qué sentido?",sin_asignar,,Revisar atribución y codificación humana; no es medición psicológica
Audio9-U012,Audio9,Entrevistador,entrevistador,En el sentido de todo el tema de contaminación y desechos orgánicos.,impactos_y_salud;generacion_y_desperdicio,,Revisar atribución y codificación humana; no es medición psicológica
Audio9-U013,Audio9,Isaac,participante/no confirmado,"Pues la verdad, por ejemplo, pues acá la basura pasa, pero pasa es como, o sea, ¿cómo le diría yo?",disposicion_y_recoleccion,,Revisar atribución y codificación humana; no es medición psicológica
Audio9-U014,Audio9,Isaac,participante/no confirmado,Pasa es de afán.,sin_asignar,,Revisar atribución y codificación humana; no es medición psicológica
Audio9-U015,Audio9,Isaac,participante/no confirmado,"O sea, no hay, sí, en sí, en sí, no, no, por ejemplo, digamos, no paran en cierto lugar, que de pronto digan: ""bueno, mire"", o que diga uno: ""uy, pasó el carro, toca sacar la basura"".",disposicion_y_recoleccion,,Revisar atribución y codificación humana; no es medición psicológica
Audio9-U016,Audio9,Isaac,participante/no confirmado,"No, si no pasan es de afán.",sin_asignar,,Revisar atribución y codificación humana; no es medición psicológica
Audio9-U017,Audio9,Isaac,participante/no confirmado,Eso por un lado.,sin_asignar,,Revisar atribución y codificación humana; no es medición psicológica
Audio9-U018,Audio9,Isaac,participante/no confirmado,"Por el otro, pues a como a tres cuadras más o menos, pues hay un sitio donde se puede dejar la basura, pero de igual, la misma vaina, porque, o sea, de allá pues vienen, si me entiende, pues digamos así, la gente y escarban y, bueno, y si me entiende, sacan papeles, se van al viento, los perros.",disposicion_y_recoleccion;impactos_y_salud,,Revisar atribución y codificación humana; no es medición psicológica
Audio9-U019,Audio9,Isaac,participante/no confirmado,"Entonces, todo eso lo traen otra vez para, si me entiende, para la zona.",sin_asignar,,Revisar atribución y codificación humana; no es medición psicológica
Audio9-U020,Audio9,Isaac,participante/no confirmado,"Entonces, pues de igual, pues, o sea, está como, o seja, sí es bueno ese chux, pero al mismo tiempo, pues no, porque no, no se beneficia uno en nada.",sin_asignar,,Revisar atribución y codificación humana; no es medición psicológica
Audio9-U021,Audio9,Isaac,participante/no confirmado,"Y sí llegan malos olores, ve uno, sí, animales, o sea, animalitos, ratas, bueno, sí, de todo lo que sea.",impactos_y_salud,,Revisar atribución y codificación humana; no es medición psicológica
Audio9-U022,Audio9,Entrevistador,entrevistador,"Cuando tú llegaste a este sector hace 5 años al día de hoy, ¿la situación cambió o siempre ha sido así?",sin_asignar,,Revisar atribución y codificación humana; no es medición psicológica
Audio9-U023,Audio9,Isaac,participante/no confirmado,"No, siempre ha sido así, siempre ha sido así.",sin_asignar,,Revisar atribución y codificación humana; no es medición psicológica
Audio9-U024,Audio9,Entrevistador,entrevistador,"O sea, no ha cambiado para nada, siempre sigue así.",sin_asignar,,Revisar atribución y codificación humana; no es medición psicológica
Audio9-U025,Audio9,Entrevistador,entrevistador,"Tú hablabas algo interesante, y es en relación a que acá el sistema de aseo y, bueno, todo el tema de las basuras pasa cuando se le de la gana, o has notado que tiene cierta periodicidad?",disposicion_y_recoleccion,,Revisar atribución y codificación humana; no es medición psicológica
Audio9-U026,Audio9,Isaac,participante/no confirmado,"No, pues más que todo, pues se supone que, digamos, o sea, por ejemplo, digamos, tiene que pasar los lunes, los miércoles y los sábados.",sin_asignar,,Revisar atribución y codificación humana; no es medición psicológica
Audio9-U027,Audio9,Isaac,participante/no confirmado,"Hoy, por ejemplo, es sábado y no he visto ni siquiera el carro por ahí.",disposicion_y_recoleccion,,Revisar atribución y codificación humana; no es medición psicológica
Audio9-U028,Audio9,Entrevistador,entrevistador,¿Sí me entiende?,sin_asignar,,Revisar atribución y codificación humana; no es medición psicológica
Audio9-U029,Audio9,Entrevistador,entrevistador,"Entonces, pues no.",sin_asignar,,Revisar atribución y codificación humana; no es medición psicológica
Audio9-U030,Audio9,Entrevistador,entrevistador,¿Cómo funciona la recolección de todo el tema de desechos orgánicos en un local como este?,disposicion_y_recoleccion;generacion_y_desperdicio,,Revisar atribución y codificación humana; no es medición psicológica
Audio9-U031,Audio9,Entrevistador,entrevistador,"¿Cuál es el protocolo, cómo la Secretaría [de Salud/Educación] exige algo en particular a nivel de manejo de desechos orgánicos en un local como este?",separacion_y_cultura;generacion_y_desperdicio,,Revisar atribución y codificación humana; no es medición psicológica
Audio9-U032,Audio9,Isaac,participante/no confirmado,"Sí, claro, sí señor.",sin_asignar,,Revisar atribución y codificación humana; no es medición psicológica
Audio9-U033,Audio9,Isaac,participante/no confirmado,"Sí, ellos le dicen a uno, por ejemplo, digamos: ""mire, hay canecas ahí"", y uno tiene una caneca allá y, por ejemplo, digamos, bota uno lo que es así basura, por ejemplo, digamos, papeles, bueno, así, cositas así.",disposicion_y_recoleccion,,Revisar atribución y codificación humana; no es medición psicológica
Audio9-U034,Audio9,Isaac,participante/no confirmado,"Y tiene uno otra caneca donde, por ejemplo, digamos, recicla, digamos, todo lo que sea de plástico, digámoslo así.",disposicion_y_recoleccion,,Revisar atribución y codificación humana; no es medición psicológica
Audio9-U035,Audio9,Entrevistador,entrevistador,"Y a nivel de orgánico, ¿qué es?",generacion_y_desperdicio,,Revisar atribución y codificación humana; no es medición psicológica
Audio9-U036,Audio9,Entrevistador,entrevistador,¿Cáscaras de huevo?,generacion_y_desperdicio,,Revisar atribución y codificación humana; no es medición psicológica
Audio9-U037,Audio9,Entrevistador,entrevistador,"No sé, el almuerzo, cuando uno termina de almorzar, que le quedó los frijolitos ahí pegados, pedacito de ensalada, todo eso, ¿a dónde va?",sin_asignar,,Revisar atribución y codificación humana; no es medición psicológica
Audio9-U038,Audio9,Isaac,participante/no confirmado,"Bueno, pues de igual, o sea, yo en particular, o sea, yo no almuerzo acá.",sin_asignar,,Revisar atribución y codificación humana; no es medición psicológica
Audio9-U039,Audio9,Isaac,participante/no confirmado,"O sea, yo, por ejemplo, digamos, yo cierro y me tomo mi media hora o mis 45 minutos, voy a almorzar, y después vuelvo otra vez.",sin_asignar,,Revisar atribución y codificación humana; no es medición psicológica
Audio9-U040,Audio9,Entrevistador,entrevistador,"O sea, de igual, sí, o sea.",sin_asignar,,Revisar atribución y codificación humana; no es medición psicológica
Audio9-U041,Audio9,Entrevistador,entrevistador,"En relación a lo que mencionaba de los desechos y de este tema de los chux que tienes tanto adentro como afuera, ¿este en particular lo manejas exclusivamente para todos los clientes que ingresan, o cómo funciona la recolección de este en particular?",disposicion_y_recoleccion,,Revisar atribución y codificación humana; no es medición psicológica
Audio9-U042,Audio9,Isaac,participante/no confirmado,"Sí, pues más que todo, por ejemplo, digamos, pues no falta el que diga: ""ay, vecino, voy a botar esa botellita acá"", o ""vecino, voy a botar tal cosa acá"".",disposicion_y_recoleccion,,Revisar atribución y codificación humana; no es medición psicológica
Audio9-U043,Audio9,Isaac,participante/no confirmado,De igual así.,sin_asignar,,Revisar atribución y codificación humana; no es medición psicológica
Audio9-U044,Audio9,Entrevistador,entrevistador,"¿No importaría, por ejemplo, llegar con una cáscara de banano y botarla ahí?",disposicion_y_recoleccion;generacion_y_desperdicio,,Revisar atribución y codificación humana; no es medición psicológica
Audio9-U045,Audio9,Isaac,participante/no confirmado,"O sea, por ejemplo, digamos, sí, o sea, si llegan y la botan ahí, pues la botan ahí.",disposicion_y_recoleccion,,Revisar atribución y codificación humana; no es medición psicológica
Audio9-U046,Audio9,Isaac,participante/no confirmado,"Pero de igual, o sea, por ejemplo, igual uno, pues, o sea, nosotros tenemos una chica acá.",sin_asignar,,Revisar atribución y codificación humana; no es medición psicológica
Audio9-U047,Audio9,Isaac,participante/no confirmado,"Y ella es la que hace el aseo, tal.",sin_asignar,,Revisar atribución y codificación humana; no es medición psicológica
Audio9-U048,Audio9,Isaac,participante/no confirmado,"Entonces uno le dice: ""bueno, si de pronto hay allá frascos o algo, échelos acá y el resto, lo que es basura, pues déjelo allá"".",disposicion_y_recoleccion,,Revisar atribución y codificación humana; no es medición psicológica
Audio9-U049,Audio9,Entrevistador,entrevistador,"¿Cómo ve el sector a nivel de qué tanto le afecta, por ejemplo, el hecho de todos los animalitos que están en el sector?",sin_asignar,,Revisar atribución y codificación humana; no es medición psicológica
Audio9-U050,Audio9,Entrevistador,entrevistador,Hemos visto muchísimo perrito por toda la calle.,sin_asignar,,Revisar atribución y codificación humana; no es medición psicológica
Audio9-U051,Audio9,Entrevistador,entrevistador,¿A qué cree que se debe eso particularmente?,sin_asignar,,Revisar atribución y codificación humana; no es medición psicológica
Audio9-U052,Audio9,Isaac,participante/no confirmado,"Pues hoy en día, prácticamente, pues la gente tiene, qué le diría yo, como más prioridad con los perros, digámoslo así, ¿sí?",impactos_y_salud,,Revisar atribución y codificación humana; no es medición psicológica
Audio9-U053,Audio9,Isaac,participante/no confirmado,Que una persona.,sin_asignar,,Revisar atribución y codificación humana; no es medición psicológica
Audio9-U054,Audio9,Isaac,participante/no confirmado,"Entonces, pues hay muchas personas que tienen esos perros, o sea, los tienen y al mismo tiempo no los tienen porque los tienen abandonados.",impactos_y_salud,,Revisar atribución y codificación humana; no es medición psicológica
Audio9-U055,Audio9,Isaac,participante/no confirmado,Entonces de igual uno sí ve mucho perro en la calle.,impactos_y_salud,,Revisar atribución y codificación humana; no es medición psicológica
Audio9-U056,Audio9,Entrevistador,entrevistador,Hemos logrado ver bastante perrito en la calle.,sin_asignar,,Revisar atribución y codificación humana; no es medición psicológica
Audio9-U057,Audio9,Entrevistador,entrevistador,"Ahora bien, esos perritos en particular, adicional a otros tipos de animales, ¿qué opinión usted tiene en relación a cómo se ve afectado el tema de las basuras en relación a todos estos animalitos?",disposicion_y_recoleccion,,Revisar atribución y codificación humana; no es medición psicológica
Audio9-U058,Audio9,Entrevistador,entrevistador,"O sea, ¿son atraídos, no son atraídos, o cómo funciona?",sin_asignar,,Revisar atribución y codificación humana; no es medición psicológica
Audio9-U059,Audio9,Entrevistador,entrevistador,"Sí, dale, tranqui.",sin_asignar,,Revisar atribución y codificación humana; no es medición psicológica
Audio9-U060,Audio9,Entrevistador,entrevistador,"Tú mencionaste algo en relación al problema que tenía este sector con los chux que quedan aquí a pocas cuadras, de hecho.",sin_asignar,,Revisar atribución y codificación humana; no es medición psicológica
Audio9-U061,Audio9,Entrevistador,entrevistador,"En relación a ese problema, ¿recuerdas durante estos 5 años que se haya hecho alguna solicitud oficial, que hayan venido, que hayan hecho alguna campaña o algo en relación para solucionar?",soluciones_y_participacion,,Revisar atribución y codificación humana; no es medición psicológica
Audio9-U062,Audio9,Entrevistador,entrevistador,¿Han propuesto alguna solución?,soluciones_y_participacion,,Revisar atribución y codificación humana; no es medición psicológica
Audio9-U063,Audio9,Isaac,participante/no confirmado,"No, no señor.",sin_asignar,,Revisar atribución y codificación humana; no es medición psicológica
Audio9-U064,Audio9,Isaac,participante/no confirmado,"Hasta donde yo sepa, no.",sin_asignar,,Revisar atribución y codificación humana; no es medición psicológica
Audio9-U065,Audio9,Entrevistador,entrevistador,¿Y recuerda que de pronto la comunidad se haya unido para hacer solicitudes?,sin_asignar,,Revisar atribución y codificación humana; no es medición psicológica
Audio9-U066,Audio9,Entrevistador,entrevistador,"Hasta este momento, ese problema que ustedes están presentando en el sector, no ha habido como una conciliación con toda la comunidad, tanto de comercios como de viviendas, para decir: ""pasemos esto a la superintendencia, no sé, o al tema de alcantarillado, o al ente regulador""?",sin_asignar,,Revisar atribución y codificación humana; no es medición psicológica
Audio9-U067,Audio9,Isaac,participante/no confirmado,"No, no señor.",sin_asignar,,Revisar atribución y codificación humana; no es medición psicológica
Audio9-U068,Audio9,Entrevistador,entrevistador,"Ahora, mencionabas algo relacionado con el paso de las basuras, y me voy a devolver un poquito nuevamente a ese tema, y es que, ¿cuál es la diferencia entre el paso de las basuras en este sector en relación al sector donde tú vives?",disposicion_y_recoleccion,,Revisar atribución y codificación humana; no es medición psicológica
Audio9-U069,Audio9,Isaac,participante/no confirmado,"Bueno, lo que pasa es que, por ejemplo, digamos, acá donde tiene uno el negocio, pues es comercial.",sin_asignar,,Revisar atribución y codificación humana; no es medición psicológica
Audio9-U070,Audio9,Isaac,participante/no confirmado,"Y, pues, donde yo vivo, pues es residencial.",sin_asignar,,Revisar atribución y codificación humana; no es medición psicológica
Audio9-U071,Audio9,Isaac,participante/no confirmado,Allá sí pasa la basura.,disposicion_y_recoleccion,,Revisar atribución y codificación humana; no es medición psicológica
Audio9-U072,Audio9,Isaac,participante/no confirmado,"Eso sí, por ejemplo, digamos, pasa lo que es el lunes, el miércoles y el viernes.",sin_asignar,,Revisar atribución y codificación humana; no es medición psicológica
Audio9-U073,Audio9,Isaac,participante/no confirmado,Esos tres días sí pasa.,sin_asignar,,Revisar atribución y codificación humana; no es medición psicológica
Audio9-U074,Audio9,Isaac,participante/no confirmado,Y pasa cumplido.,sin_asignar,,Revisar atribución y codificación humana; no es medición psicológica
Audio9-U075,Audio9,Entrevistador,entrevistador,¿Y pasa cumplido?,sin_asignar,,Revisar atribución y codificación humana; no es medición psicológica
Audio9-U076,Audio9,Isaac,participante/no confirmado,Y hasta pitan y todo.,sin_asignar,,Revisar atribución y codificación humana; no es medición psicológica
Audio9-U077,Audio9,Isaac,participante/no confirmado,"O sea, como tiene que ser, digámoslo así.",sin_asignar,,Revisar atribución y codificación humana; no es medición psicológica
Audio9-U078,Audio9,Isaac,participante/no confirmado,Pero acá no.,sin_asignar,,Revisar atribución y codificación humana; no es medición psicológica
Audio9-U079,Audio9,Isaac,participante/no confirmado,"Y se supone que acá es comercio, pues es donde antes colmaba verano, ¿no?",sin_asignar,,Revisar atribución y codificación humana; no es medición psicológica
Audio9-U080,Audio9,Isaac,participante/no confirmado,"Pero eso sí, llega Navidad, entonces ahí sí pasan los que supuestamente barren por ahí: ""ay, vecino, que la Navidad, que no sé qué"".",sin_asignar,,Revisar atribución y codificación humana; no es medición psicológica
Audio9-U081,Audio9,Isaac,participante/no confirmado,"Pues dígame uno cómo les da la Navidad si no se lo han ganado, digámoslo así.",sin_asignar,,Revisar atribución y codificación humana; no es medición psicológica
Audio9-U082,Audio9,Entrevistador,entrevistador,"La empresa que recoge la basura acá es la misma, o sea, ¿esa basura qué empresa?",disposicion_y_recoleccion;confianza_y_gobernanza,,Revisar atribución y codificación humana; no es medición psicológica
Audio9-U083,Audio9,Entrevistador,entrevistador,¿O recuerdas el nombre de la empresa que la recoge?,disposicion_y_recoleccion;confianza_y_gobernanza,,Revisar atribución y codificación humana; no es medición psicológica
Audio9-U084,Audio9,Isaac,participante/no confirmado,"Sí, Lime, la misma.",sin_asignar,,Revisar atribución y codificación humana; no es medición psicológica
Audio9-U085,Audio9,Isaac,participante/no confirmado,"Sí, porque esa como es toda la zona cuarta.",sin_asignar,,Revisar atribución y codificación humana; no es medición psicológica
Audio9-U086,Audio9,Isaac,participante/no confirmado,Todo eso es.,sin_asignar,,Revisar atribución y codificación humana; no es medición psicológica
Audio9-U087,Audio9,Entrevistador,entrevistador,"Ahora, otra pregunta: en tu casa, ¿cómo funciona el tema de la recolección de basura?",disposicion_y_recoleccion,,Revisar atribución y codificación humana; no es medición psicológica
Audio9-U088,Audio9,Entrevistador,entrevistador,"Cuando terminas de desayunar, o todo el tema de cáscaras y cosas así, ¿tú tienes un chux especial para botar eso, o es lo mismo con toda la otra?",disposicion_y_recoleccion;generacion_y_desperdicio,,Revisar atribución y codificación humana; no es medición psicológica
Audio9-U089,Audio9,Isaac,participante/no confirmado,"No, yo la verdad, en la casa, pues como, o sea, en mi casa tengo un jardín, en la parte de atrás.",sin_asignar,,Revisar atribución y codificación humana; no es medición psicológica
Audio9-U090,Audio9,Isaac,participante/no confirmado,"Entonces, ¿qué es lo que pasa?",sin_asignar,,Revisar atribución y codificación humana; no es medición psicológica
Audio9-U091,Audio9,Isaac,participante/no confirmado,"Que, por ejemplo, digamos, las vainitas esas de los huevos y toda esa vaina, pues yo las recolecto, yo las dejo en una bolsita.",disposicion_y_recoleccion,,Revisar atribución y codificación humana; no es medición psicológica
Audio9-U092,Audio9,Isaac,participante/no confirmado,"Y cuando ya tengo así de articas, entonces llego y las cojo con, o sea, así con las manos, le hago así, y se la echo a las maticas, como abono.",soluciones_y_participacion,,Revisar atribución y codificación humana; no es medición psicológica
Audio9-U093,Audio9,Entrevistador,entrevistador,¿Y el resto de desechos?,sin_asignar,,Revisar atribución y codificación humana; no es medición psicológica
Audio9-U094,Audio9,Isaac,participante/no confirmado,"El resto ya, por ejemplo, digamos así que se tome uno una gaseosa, o bueno, así que bote uno los frascos del aceite, bueno, así.",sin_asignar,,Revisar atribución y codificación humana; no es medición psicológica
Audio9-U095,Audio9,Isaac,participante/no confirmado,"Eso sí los deja uno en una bolsa aparte, y cuando pasa la basura, entonces ahí ese talego es donde está todo lo que es de plástico, y ya el resto, ya en bolsa, ya pues lo que son papeles del baño, lo que es de la cocina, etcétera, etcétera.",disposicion_y_recoleccion,,Revisar atribución y codificación humana; no es medición psicológica
Audio9-U096,Audio9,Entrevistador,entrevistador,"Hablabas de tu huerta, de lo que tienes ahí en tu patio.",sin_asignar,,Revisar atribución y codificación humana; no es medición psicológica
Audio9-U097,Audio9,Entrevistador,entrevistador,"¿Sueles utilizar algún tipo de abono o cosas para poder que las matas crezcan mejor, para que todo tu jardín sea mejor?",soluciones_y_participacion,,Revisar atribución y codificación humana; no es medición psicológica
Audio9-U098,Audio9,Entrevistador,entrevistador,"O compras por aparte tipo de abono, fertilizante, o cómo funciona el tema de tu huerta?",soluciones_y_participacion,,Revisar atribución y codificación humana; no es medición psicológica
Audio9-U099,Audio9,Isaac,participante/no confirmado,"No, pues yo sí compro, o sea, fertilizantes, y les echo a las maticas.",sin_asignar,,Revisar atribución y codificación humana; no es medición psicológica
Audio9-U100,Audio9,Entrevistador,entrevistador,"¿Fertilizantes de alguna marca en especial, algo que tiene su mente?",sin_asignar,,Revisar atribución y codificación humana; no es medición psicológica
Audio9-U101,Audio9,Isaac,participante/no confirmado,"No, o sea, eso es como que como para que les dé como vida, que como que se pongan más bonitas.",sin_asignar,,Revisar atribución y codificación humana; no es medición psicológica
Audio9-U102,Audio9,Entrevistador,entrevistador,"Ahora, otra duda ya para finalizar.",sin_asignar,,Revisar atribución y codificación humana; no es medición psicológica
Audio9-U103,Audio9,Entrevistador,entrevistador,"Con el problema de basuras que se tiene, si yo te preguntara: ¿qué idea o qué solución a ti se te ocurriría como para solucionar ese tema?",disposicion_y_recoleccion;soluciones_y_participacion,,Revisar atribución y codificación humana; no es medición psicológica
Audio9-U104,Audio9,Entrevistador,entrevistador,"O de tu experiencia estos 5 años que has tenido acá en el sector, ¿cuál crees que sea una solución viable que pueda unir a la comunidad?",soluciones_y_participacion,,Revisar atribución y codificación humana; no es medición psicológica
Audio9-U105,Audio9,Isaac,participante/no confirmado,"Pues yo digo que, o sea, para mí, pues deberían era ser como, pues más que todo esto es como ya es como la alcaldía, ¿no?",confianza_y_gobernanza,,Revisar atribución y codificación humana; no es medición psicológica
Audio9-U106,Audio9,Isaac,participante/no confirmado,"Si me entiende, que como que, o sea, que pongan, si me entiende, su mano en el corazón y diga: ""bueno, hombre, ¿qué es lo que está pasando en los barrios?",sin_asignar,,Revisar atribución y codificación humana; no es medición psicológica
Audio9-U107,Audio9,Isaac,participante/no confirmado,"Vamos a mirar a ver qué vamos a hacer"".",sin_asignar,,Revisar atribución y codificación humana; no es medición psicológica
Audio9-U108,Audio9,Isaac,participante/no confirmado,"Y hacer como una asamblea, como llamar a la gente, como decirles: ""bueno, vamos a hacer esto, vamos a hacer aquello, ustedes qué opinan?",sin_asignar,,Revisar atribución y codificación humana; no es medición psicológica
Audio9-U109,Audio9,Isaac,participante/no confirmado,"Si están de acuerdo, no están de acuerdo, qué necesitan, qué podemos hacer por ustedes"".",sin_asignar,,Revisar atribución y codificación humana; no es medición psicológica
Audio9-U110,Audio9,Isaac,participante/no confirmado,"Algo así, ¿sí?",sin_asignar,,Revisar atribución y codificación humana; no es medición psicológica
Audio9-U111,Audio9,Entrevistador,entrevistador,¿Nunca han venido?,sin_asignar,,Revisar atribución y codificación humana; no es medición psicológica
Audio9-U112,Audio9,Isaac,participante/no confirmado,"Pero no, o sea, no.",sin_asignar,,Revisar atribución y codificación humana; no es medición psicológica
Audio9-U113,Audio9,Isaac,participante/no confirmado,"O sea, el tiempo que yo llevo acá, no.",sin_asignar,,Revisar atribución y codificación humana; no es medición psicológica
Audio9-U114,Audio9,Entrevistador,entrevistador,"¿Y hay algún líder entre los vecinos, entre el sector, que usted conozca, que tú conozcas?",confianza_y_gobernanza,,Revisar atribución y codificación humana; no es medición psicológica
Audio9-U115,Audio9,Isaac,participante/no confirmado,"No, la verdad no.",sin_asignar,,Revisar atribución y codificación humana; no es medición psicológica
Audio9-U116,Audio9,Isaac,participante/no confirmado,"No, así que de pronto alguien que uno diga de pronto alguien así, un líder, o de pronto digamos que un concejal, o un edil, algo así, digámoslo así, no.",confianza_y_gobernanza,,Revisar atribución y codificación humana; no es medición psicológica
Audio9-U117,Audio9,Entrevistador,entrevistador,"¿Y el sector de la esquina, alguna vez lo has visto medianamente limpio?",sin_asignar,,Revisar atribución y codificación humana; no es medición psicológica
Audio9-U118,Audio9,Entrevistador,entrevistador,"De, o sea, en el resto, o sea, en el... en el, en el, todo este sector, y más que todo donde en el chux de la esquina, ¿alguna vez has visto menos basura ahí?",disposicion_y_recoleccion,,Revisar atribución y codificación humana; no es medición psicológica
Audio9-U119,Audio9,Entrevistador,entrevistador,¿O siempre está?,sin_asignar,,Revisar atribución y codificación humana; no es medición psicológica
Audio9-U120,Audio9,Isaac,participante/no confirmado,"No, siempre, siempre es lo mismo.",sin_asignar,,Revisar atribución y codificación humana; no es medición psicológica
Audio9-U121,Audio9,Isaac,participante/no confirmado,"Y cuando, por ejemplo, digamos así que esté lloviendo, que esté haciendo mucho viento, y toda esa vaina, eso todos los papeles vienen para acá.",sin_asignar,,Revisar atribución y codificación humana; no es medición psicológica
Audio9-U122,Audio9,Entrevistador,entrevistador,¿Y cómo te afecta el olor?,impactos_y_salud,,Revisar atribución y codificación humana; no es medición psicológica
Audio9-U123,Audio9,Entrevistador,entrevistador,¿Llega hasta acá el olor?,impactos_y_salud,,Revisar atribución y codificación humana; no es medición psicológica
Audio9-U124,Audio9,Isaac,participante/no confirmado,"No, pues, o sea, digamos que llegue olor, olor no.",impactos_y_salud,,Revisar atribución y codificación humana; no es medición psicológica
Audio9-U125,Audio9,Isaac,participante/no confirmado,"O sea, más que todo es fastidioso porque, por ejemplo, digamos, llegan todos los papeles y hace un remolino y se meten todos los papeles.",sin_asignar,,Revisar atribución y codificación humana; no es medición psicológica
Audio9-U126,Audio9,Isaac,participante/no confirmado,"Y sí, le ensucia uno las neveras, bueno, en fin.",sin_asignar,,Revisar atribución y codificación humana; no es medición psicológica
Audio9-U127,Audio9,Isaac,participante/no confirmado,Eso es lo feo.,sin_asignar,,Revisar atribución y codificación humana; no es medición psicológica
Audio9-U128,Audio9,Isaac,participante/no confirmado,Eso por un lado.,sin_asignar,,Revisar atribución y codificación humana; no es medición psicológica
Audio9-U129,Audio9,Isaac,participante/no confirmado,"Por el otro, cuando llueve, se forma, si me entiende, o sea, como pichal, digámoslo así.",sin_asignar,,Revisar atribución y codificación humana; no es medición psicológica
Audio9-U130,Audio9,Isaac,participante/no confirmado,"Eso es como, por ejemplo, digamos ahí al frente.",sin_asignar,,Revisar atribución y codificación humana; no es medición psicológica
Audio9-U131,Audio9,Isaac,participante/no confirmado,"Si usted se pone a mirar de acá al otro lado, ¿sí?",sin_asignar,,Revisar atribución y codificación humana; no es medición psicológica
Audio9-U132,Audio9,Isaac,participante/no confirmado,"Todo está destapado, todo está en tierra.",sin_asignar,,Revisar atribución y codificación humana; no es medición psicológica
Audio9-U133,Audio9,Isaac,participante/no confirmado,¿Sí me entiende?,sin_asignar,,Revisar atribución y codificación humana; no es medición psicológica
Audio9-U134,Audio9,Isaac,participante/no confirmado,"Y no, o sea, nadie tampoco dice nada, nadie hace nada, de pronto decir: ""bueno, hombre, que al menos que nos echen un asfalto ahí"", como para que, si me entiende, nada.",sin_asignar,,Revisar atribución y codificación humana; no es medición psicológica
Audio9-U135,Audio9,Entrevistador,entrevistador,¿Ya usted cree que los vecinos ya normalizaron ese lugar y viven tranquilos con eso?,sin_asignar,,Revisar atribución y codificación humana; no es medición psicológica
Audio9-U136,Audio9,Isaac,participante/no confirmado,Pues yo digo que de pronto no.,sin_asignar,,Revisar atribución y codificación humana; no es medición psicológica
Audio9-U137,Audio9,Isaac,participante/no confirmado,"O sea, pues de que vivan felices, no.",sin_asignar,,Revisar atribución y codificación humana; no es medición psicológica
Audio9-U138,Audio9,Isaac,participante/no confirmado,"Yo creo que ya como que se acostumbran, más bien, digámoslo así.",sin_asignar,,Revisar atribución y codificación humana; no es medición psicológica
Audio9-U139,Audio9,Isaac,participante/no confirmado,"Que ya dirán: ""ah, pues las cosas están así, pues dejémoslas así"".",sin_asignar,,Revisar atribución y codificación humana; no es medición psicológica
Audio9-U140,Audio9,Entrevistador,entrevistador,"¿Y no le ha afectado en absolutamente nada, o sí le ha afectado un poco el tema del objetivo de su comercio, del local en relación a esas basuras?",disposicion_y_recoleccion,,Revisar atribución y codificación humana; no es medición psicológica
Audio9-U141,Audio9,Entrevistador,entrevistador,"Es decir, bajas ventas, más ventas, o comportamiento de los...",sin_asignar,,Revisar atribución y codificación humana; no es medición psicológica
Audio9-U142,Audio9,Isaac,participante/no confirmado,"No, no, porque, o sea, pues gracias a Dios, pues ya uno, o sea, digamos, yo, por ejemplo, digamos acá en este momento, pues yo tengo, o sea, 5 años de estar acá.",sin_asignar,,Revisar atribución y codificación humana; no es medición psicológica
Audio9-U143,Audio9,Isaac,participante/no confirmado,"O sea, yo, ¿sí?",sin_asignar,,Revisar atribución y codificación humana; no es medición psicológica
Audio9-U144,Audio9,Isaac,participante/no confirmado,"Pero, por ejemplo, digamos, mi sobrino, o sea, él ya, él sí ya lleva acá como 13 años acá.",sin_asignar,,Revisar atribución y codificación humana; no es medición psicológica
Audio9-U145,Audio9,Isaac,participante/no confirmado,¿Sí me entiende?,sin_asignar,,Revisar atribución y codificación humana; no es medición psicológica
Audio9-U146,Audio9,Entrevistador,entrevistador,"Una última pregunta ya para finalizar, y es: ¿la basura, usted cree que tiene alguna relación o percepción con la seguridad del sector?",disposicion_y_recoleccion,,Revisar atribución y codificación humana; no es medición psicológica
Audio9-U147,Audio9,Isaac,participante/no confirmado,"Pues de pronto, pues yo digo que no, no tiene ninguna seguridad, porque...",sin_asignar,,Revisar atribución y codificación humana; no es medición psicológica
Audio9-U148,Audio9,Isaac,participante/no confirmado,"Digamos que de pronto, pues viene de pronto, qué sé yo, pues como saben que hay un chux allá y la gente todo lo bota allá, pues pueden venir gente de otros lados, ¿sí me entiende?",disposicion_y_recoleccion,,Revisar atribución y codificación humana; no es medición psicológica
Audio9-U149,Audio9,Isaac,participante/no confirmado,Y pueden venir ahí a escarbar.,sin_asignar,,Revisar atribución y codificación humana; no es medición psicológica
Audio9-U150,Audio9,Isaac,participante/no confirmado,"Pero entonces, pueden que escarben, pero entonces están también mirando, ¿sí?",sin_asignar,,Revisar atribución y codificación humana; no es medición psicológica
Audio9-U151,Audio9,Isaac,participante/no confirmado,"O sea, digamos, las tiendas, para decir: ""bueno, de pronto en X parte dejan solo, pues por qué no hacemos tal cosa"", ¿sí?",sin_asignar,,Revisar atribución y codificación humana; no es medición psicológica
Audio9-U152,Audio9,Isaac,participante/no confirmado,Entonces se puede prestar también para muchas cosas.,sin_asignar,,Revisar atribución y codificación humana; no es medición psicológica
Audio9-U153,Audio9,Entrevistador,entrevistador,"Entonces sí es también como una atracción a nivel de delincuencia, puede atraer.",sin_asignar,,Revisar atribución y codificación humana; no es medición psicológica
Audio9-U154,Audio9,Entrevistador,entrevistador,Creo que por ahora tenemos la información que necesitábamos.,sin_asignar,,Revisar atribución y codificación humana; no es medición psicológica
Audio9-U155,Audio9,Entrevistador,entrevistador,"Mil, mil gracias.",sin_asignar,,Revisar atribución y codificación humana; no es medición psicológica
